{"sessionId":"6a4c11","runId":"initial","hypothesisId":"H4","location":"public\/cart.php:4","message":"cart page session read","data":{"phpSessionId":"an8unsmda9hn93hm7tpdljcm64","sessionCart":{"42":1,"47":1},"sessionCartCount":2},"timestamp":1776615553573}
{"sessionId":"6a4c11","runId":"initial","hypothesisId":"H5","location":"public\/cart.php:34","message":"cart product query completed","data":{"cartIds":[42,47],"productRows":2},"timestamp":1776615553587}
{"sessionId":"6a4c11","runId":"initial-2","hypothesisId":"H9","location":"public\/ajax\/checkout.php:8","message":"checkout endpoint entry","data":{"method":"GET","action":"cart","phpSessionId":"an8unsmda9hn93hm7tpdljcm64","sessionCartCount":2},"timestamp":1776615556091}
{"sessionId":"6a4c11","runId":"initial-3","hypothesisId":"H11","location":"public\/ajax\/checkout.php:getSessionCartItemsWithPrice","message":"session ids vs db ids after status filter","data":{"sessionIds":[42,47],"dbIds":[42,47],"sessionCount":2,"dbCount":2},"timestamp":1776615556095}
{"sessionId":"6a4c11","runId":"initial-2","hypothesisId":"H10","location":"public\/ajax\/checkout.php:67","message":"checkout cart response built","data":{"sessionCartRaw":{"42":1,"47":1},"responseItemsCount":2,"responseTotal":2500000},"timestamp":1776615556096}
{"sessionId":"6a4c11","runId":"initial","hypothesisId":"H4","location":"public\/cart.php:4","message":"cart page session read","data":{"phpSessionId":"an8unsmda9hn93hm7tpdljcm64","sessionCart":{"42":1,"47":1},"sessionCartCount":2},"timestamp":1776615560270}
{"sessionId":"6a4c11","runId":"initial","hypothesisId":"H5","location":"public\/cart.php:34","message":"cart product query completed","data":{"cartIds":[42,47],"productRows":2},"timestamp":1776615560271}
{"sessionId":"6a4c11","runId":"initial-2","hypothesisId":"H9","location":"public\/ajax\/checkout.php:8","message":"checkout endpoint entry","data":{"method":"GET","action":"cart","phpSessionId":"an8unsmda9hn93hm7tpdljcm64","sessionCartCount":2},"timestamp":1776615564630}
{"sessionId":"6a4c11","runId":"initial-3","hypothesisId":"H11","location":"public\/ajax\/checkout.php:getSessionCartItemsWithPrice","message":"session ids vs db ids after status filter","data":{"sessionIds":[42,47],"dbIds":[42,47],"sessionCount":2,"dbCount":2},"timestamp":1776615564631}
{"sessionId":"6a4c11","runId":"initial-2","hypothesisId":"H10","location":"public\/ajax\/checkout.php:67","message":"checkout cart response built","data":{"sessionCartRaw":{"42":1,"47":1},"responseItemsCount":2,"responseTotal":2500000},"timestamp":1776615564631}
{"sessionId":"6a4c11","runId":"initial-2","hypothesisId":"H9","location":"public\/ajax\/checkout.php:8","message":"checkout endpoint entry","data":{"method":"GET","action":"cart","phpSessionId":"an8unsmda9hn93hm7tpdljcm64","sessionCartCount":2},"timestamp":1776616317044}
{"sessionId":"6a4c11","runId":"initial-3","hypothesisId":"H11","location":"public\/ajax\/checkout.php:getSessionCartItemsWithPrice","message":"session ids vs db ids after status filter","data":{"sessionIds":[42,47],"dbIds":[42,47],"sessionCount":2,"dbCount":2},"timestamp":1776616317109}
{"sessionId":"6a4c11","runId":"initial-2","hypothesisId":"H10","location":"public\/ajax\/checkout.php:67","message":"checkout cart response built","data":{"sessionCartRaw":{"42":1,"47":1},"responseItemsCount":2,"responseTotal":2500000},"timestamp":1776616317110}
{"sessionId":"6a4c11","runId":"initial","hypothesisId":"H4","location":"public\/cart.php:4","message":"cart page session read","data":{"phpSessionId":"an8unsmda9hn93hm7tpdljcm64","sessionCart":{"42":1,"47":1},"sessionCartCount":2},"timestamp":1776616337825}
{"sessionId":"6a4c11","runId":"initial","hypothesisId":"H5","location":"public\/cart.php:34","message":"cart product query completed","data":{"cartIds":[42,47],"productRows":2},"timestamp":1776616337831}
{"sessionId":"6a4c11","runId":"initial","hypothesisId":"H4","location":"public\/cart.php:4","message":"cart page session read","data":{"phpSessionId":"an8unsmda9hn93hm7tpdljcm64","sessionCart":{"42":1,"47":1},"sessionCartCount":2},"timestamp":1776616528184}
{"sessionId":"6a4c11","runId":"initial","hypothesisId":"H5","location":"public\/cart.php:34","message":"cart product query completed","data":{"cartIds":[42,47],"productRows":2},"timestamp":1776616528186}
{"sessionId":"6a4c11","runId":"initial-2","hypothesisId":"H9","location":"public\/ajax\/checkout.php:8","message":"checkout endpoint entry","data":{"method":"GET","action":"cart","phpSessionId":"an8unsmda9hn93hm7tpdljcm64","sessionCartCount":1},"timestamp":1776616534616}
{"sessionId":"6a4c11","runId":"initial-3","hypothesisId":"H11","location":"public\/ajax\/checkout.php:getSessionCartItemsWithPrice","message":"session ids vs db ids after status filter","data":{"sessionIds":[42],"dbIds":[42],"sessionCount":1,"dbCount":1},"timestamp":1776616534620}
{"sessionId":"6a4c11","runId":"initial-2","hypothesisId":"H10","location":"public\/ajax\/checkout.php:67","message":"checkout cart response built","data":{"sessionCartRaw":{"42":6},"responseItemsCount":1,"responseTotal":600000},"timestamp":1776616534621}
{"sessionId":"6a4c11","runId":"initial","hypothesisId":"H4","location":"public\/cart.php:4","message":"cart page session read","data":{"phpSessionId":"an8unsmda9hn93hm7tpdljcm64","sessionCart":{"42":6},"sessionCartCount":1},"timestamp":1776616869519}
{"sessionId":"6a4c11","runId":"initial","hypothesisId":"H5","location":"public\/cart.php:34","message":"cart product query completed","data":{"cartIds":[42],"productRows":1},"timestamp":1776616870558}
{"sessionId":"6a4c11","runId":"initial-2","hypothesisId":"H9","location":"public\/ajax\/checkout.php:8","message":"checkout endpoint entry","data":{"method":"GET","action":"cart","phpSessionId":"an8unsmda9hn93hm7tpdljcm64","sessionCartCount":1},"timestamp":1776616872865}
{"sessionId":"6a4c11","runId":"initial-3","hypothesisId":"H11","location":"public\/ajax\/checkout.php:getSessionCartItemsWithPrice","message":"session ids vs db ids after status filter","data":{"sessionIds":[42],"dbIds":[42],"sessionCount":1,"dbCount":1},"timestamp":1776616872881}
{"sessionId":"6a4c11","runId":"initial-2","hypothesisId":"H10","location":"public\/ajax\/checkout.php:67","message":"checkout cart response built","data":{"sessionCartRaw":{"42":6},"responseItemsCount":1,"responseTotal":600000},"timestamp":1776616872884}
{"sessionId":"6a4c11","runId":"initial-2","hypothesisId":"H9","location":"public\/ajax\/checkout.php:8","message":"checkout endpoint entry","data":{"method":"POST","action":null,"phpSessionId":"an8unsmda9hn93hm7tpdljcm64","sessionCartCount":1},"timestamp":1776616896065}
{"sessionId":"6a4c11","runId":"initial-3","hypothesisId":"H11","location":"public\/ajax\/checkout.php:getSessionCartItemsWithPrice","message":"session ids vs db ids after status filter","data":{"sessionIds":[42],"dbIds":[42],"sessionCount":1,"dbCount":1},"timestamp":1776616896066}
{"sessionId":"6a4c11","runId":"initial","hypothesisId":"H1","location":"public\/actions\/add-cart.php:4","message":"add-cart endpoint hit","data":{"method":"POST","phpSessionId":"an8unsmda9hn93hm7tpdljcm64"},"timestamp":1776617441173}
{"sessionId":"6a4c11","runId":"initial","hypothesisId":"H2","location":"public\/actions\/add-cart.php:24","message":"add-cart payload parsed","data":{"productId":47,"quantity":1},"timestamp":1776617441175}
{"sessionId":"6a4c11","runId":"initial","hypothesisId":"H3","location":"public\/actions\/add-cart.php:45","message":"cart updated in session","data":{"phpSessionId":"an8unsmda9hn93hm7tpdljcm64","sessionCart":{"47":1},"totalItems":1},"timestamp":1776617441175}
{"sessionId":"6a4c11","runId":"initial","hypothesisId":"H4","location":"public\/cart.php:4","message":"cart page session read","data":{"phpSessionId":"an8unsmda9hn93hm7tpdljcm64","sessionCart":{"47":1},"sessionCartCount":1},"timestamp":1776617443852}
{"sessionId":"6a4c11","runId":"initial","hypothesisId":"H5","location":"public\/cart.php:34","message":"cart product query completed","data":{"cartIds":[47],"productRows":1},"timestamp":1776617443855}
{"sessionId":"6a4c11","runId":"initial","hypothesisId":"H4","location":"public\/cart.php:4","message":"cart page session read","data":{"phpSessionId":"an8unsmda9hn93hm7tpdljcm64","sessionCart":{"47":1},"sessionCartCount":1},"timestamp":1776617857479}
{"sessionId":"6a4c11","runId":"initial","hypothesisId":"H5","location":"public\/cart.php:34","message":"cart product query completed","data":{"cartIds":[47],"productRows":1},"timestamp":1776617857481}
{"sessionId":"6a4c11","runId":"initial","hypothesisId":"H4","location":"public\/cart.php:4","message":"cart page session read","data":{"phpSessionId":"an8unsmda9hn93hm7tpdljcm64","sessionCart":{"47":1},"sessionCartCount":1},"timestamp":1776617926751}
{"sessionId":"6a4c11","runId":"initial","hypothesisId":"H5","location":"public\/cart.php:34","message":"cart product query completed","data":{"cartIds":[47],"productRows":1},"timestamp":1776617926752}
{"sessionId":"6a4c11","runId":"initial","hypothesisId":"H4","location":"public\/cart.php:4","message":"cart page session read","data":{"phpSessionId":"an8unsmda9hn93hm7tpdljcm64","sessionCart":{"47":1},"sessionCartCount":1},"timestamp":1776618483889}
{"sessionId":"6a4c11","runId":"initial","hypothesisId":"H5","location":"public\/cart.php:34","message":"cart product query completed","data":{"cartIds":[47],"productRows":1},"timestamp":1776618483906}
{"sessionId":"6a4c11","runId":"initial-2","hypothesisId":"H9","location":"public\/ajax\/checkout.php:8","message":"checkout endpoint entry","data":{"method":"GET","action":"cart","phpSessionId":"an8unsmda9hn93hm7tpdljcm64","sessionCartCount":1},"timestamp":1776618486828}
{"sessionId":"6a4c11","runId":"initial-3","hypothesisId":"H11","location":"public\/ajax\/checkout.php:getSessionCartItemsWithPrice","message":"session ids vs db ids after status filter","data":{"sessionIds":[47],"dbIds":[47],"sessionCount":1,"dbCount":1},"timestamp":1776618486849}
{"sessionId":"6a4c11","runId":"initial-2","hypothesisId":"H10","location":"public\/ajax\/checkout.php:67","message":"checkout cart response built","data":{"sessionCartRaw":{"47":1},"responseItemsCount":1,"responseTotal":2400000},"timestamp":1776618486852}
{"sessionId":"6a4c11","runId":"initial","hypothesisId":"H1","location":"public\/actions\/add-cart.php:4","message":"add-cart endpoint hit","data":{"method":"POST","phpSessionId":"an8unsmda9hn93hm7tpdljcm64"},"timestamp":1776618644366}
{"sessionId":"6a4c11","runId":"initial","hypothesisId":"H2","location":"public\/actions\/add-cart.php:24","message":"add-cart payload parsed","data":{"productId":47,"quantity":1},"timestamp":1776618644369}
{"sessionId":"6a4c11","runId":"initial","hypothesisId":"H3","location":"public\/actions\/add-cart.php:45","message":"cart updated in session","data":{"phpSessionId":"an8unsmda9hn93hm7tpdljcm64","sessionCart":{"47":2},"totalItems":2},"timestamp":1776618644369}
{"sessionId":"6a4c11","runId":"initial","hypothesisId":"H4","location":"public\/cart.php:4","message":"cart page session read","data":{"phpSessionId":"an8unsmda9hn93hm7tpdljcm64","sessionCart":{"47":2},"sessionCartCount":1},"timestamp":1776618648367}
{"sessionId":"6a4c11","runId":"initial","hypothesisId":"H5","location":"public\/cart.php:34","message":"cart product query completed","data":{"cartIds":[47],"productRows":1},"timestamp":1776618648371}
{"sessionId":"6a4c11","runId":"initial-2","hypothesisId":"H9","location":"public\/ajax\/checkout.php:8","message":"checkout endpoint entry","data":{"method":"GET","action":"cart","phpSessionId":"an8unsmda9hn93hm7tpdljcm64","sessionCartCount":1},"timestamp":1776618650716}
{"sessionId":"6a4c11","runId":"initial-3","hypothesisId":"H11","location":"public\/ajax\/checkout.php:getSessionCartItemsWithPrice","message":"session ids vs db ids after status filter","data":{"sessionIds":[47],"dbIds":[47],"sessionCount":1,"dbCount":1},"timestamp":1776618650720}
{"sessionId":"6a4c11","runId":"initial-2","hypothesisId":"H10","location":"public\/ajax\/checkout.php:67","message":"checkout cart response built","data":{"sessionCartRaw":{"47":2},"responseItemsCount":1,"responseTotal":4800000},"timestamp":1776618650720}
{"sessionId":"6a4c11","runId":"initial-2","hypothesisId":"H9","location":"public\/ajax\/checkout.php:8","message":"checkout endpoint entry","data":{"method":"GET","action":"cart","phpSessionId":"an8unsmda9hn93hm7tpdljcm64","sessionCartCount":1},"timestamp":1776618667058}
{"sessionId":"6a4c11","runId":"initial-3","hypothesisId":"H11","location":"public\/ajax\/checkout.php:getSessionCartItemsWithPrice","message":"session ids vs db ids after status filter","data":{"sessionIds":[47],"dbIds":[47],"sessionCount":1,"dbCount":1},"timestamp":1776618667065}
{"sessionId":"6a4c11","runId":"initial-2","hypothesisId":"H10","location":"public\/ajax\/checkout.php:67","message":"checkout cart response built","data":{"sessionCartRaw":{"47":2},"responseItemsCount":1,"responseTotal":4800000},"timestamp":1776618667066}
{"sessionId":"6a4c11","runId":"initial-2","hypothesisId":"H9","location":"public\/ajax\/checkout.php:8","message":"checkout endpoint entry","data":{"method":"GET","action":"cart","phpSessionId":"an8unsmda9hn93hm7tpdljcm64","sessionCartCount":1},"timestamp":1776618877579}
{"sessionId":"6a4c11","runId":"initial-3","hypothesisId":"H11","location":"public\/ajax\/checkout.php:getSessionCartItemsWithPrice","message":"session ids vs db ids after status filter","data":{"sessionIds":[47],"dbIds":[47],"sessionCount":1,"dbCount":1},"timestamp":1776618877587}
{"sessionId":"6a4c11","runId":"initial-2","hypothesisId":"H10","location":"public\/ajax\/checkout.php:67","message":"checkout cart response built","data":{"sessionCartRaw":{"47":2},"responseItemsCount":1,"responseTotal":4800000},"timestamp":1776618877588}
{"sessionId":"6a4c11","runId":"initial-2","hypothesisId":"H9","location":"public\/ajax\/checkout.php:8","message":"checkout endpoint entry","data":{"method":"GET","action":"cart","phpSessionId":"an8unsmda9hn93hm7tpdljcm64","sessionCartCount":1},"timestamp":1776619483158}
{"sessionId":"6a4c11","runId":"initial-3","hypothesisId":"H11","location":"public\/ajax\/checkout.php:getSessionCartItemsWithPrice","message":"session ids vs db ids after status filter","data":{"sessionIds":[47],"dbIds":[47],"sessionCount":1,"dbCount":1},"timestamp":1776619483259}
{"sessionId":"6a4c11","runId":"initial-2","hypothesisId":"H10","location":"public\/ajax\/checkout.php:67","message":"checkout cart response built","data":{"sessionCartRaw":{"47":2},"responseItemsCount":1,"responseTotal":4800000},"timestamp":1776619483260}
{"sessionId":"6a4c11","runId":"initial-2","hypothesisId":"H9","location":"public\/ajax\/checkout.php:8","message":"checkout endpoint entry","data":{"method":"GET","action":"cart","phpSessionId":"an8unsmda9hn93hm7tpdljcm64","sessionCartCount":1},"timestamp":1776619536140}
{"sessionId":"6a4c11","runId":"initial-3","hypothesisId":"H11","location":"public\/ajax\/checkout.php:getSessionCartItemsWithPrice","message":"session ids vs db ids after status filter","data":{"sessionIds":[47],"dbIds":[47],"sessionCount":1,"dbCount":1},"timestamp":1776619536143}
{"sessionId":"6a4c11","runId":"initial-2","hypothesisId":"H10","location":"public\/ajax\/checkout.php:67","message":"checkout cart response built","data":{"sessionCartRaw":{"47":2},"responseItemsCount":1,"responseTotal":4800000},"timestamp":1776619536144}
{"sessionId":"6a4c11","runId":"initial-2","hypothesisId":"H9","location":"public\/ajax\/checkout.php:8","message":"checkout endpoint entry","data":{"method":"GET","action":"cart","phpSessionId":"an8unsmda9hn93hm7tpdljcm64","sessionCartCount":1},"timestamp":1776619977188}
{"sessionId":"6a4c11","runId":"initial-3","hypothesisId":"H11","location":"public\/ajax\/checkout.php:getSessionCartItemsWithPrice","message":"session ids vs db ids after status filter","data":{"sessionIds":[47],"dbIds":[47],"sessionCount":1,"dbCount":1},"timestamp":1776619977210}
{"sessionId":"6a4c11","runId":"initial-2","hypothesisId":"H10","location":"public\/ajax\/checkout.php:67","message":"checkout cart response built","data":{"sessionCartRaw":{"47":2},"responseItemsCount":1,"responseTotal":4800000},"timestamp":1776619977212}
{"sessionId":"6a4c11","runId":"initial-2","hypothesisId":"H9","location":"public\/ajax\/checkout.php:8","message":"checkout endpoint entry","data":{"method":"GET","action":"cart","phpSessionId":"an8unsmda9hn93hm7tpdljcm64","sessionCartCount":1},"timestamp":1776620007816}
{"sessionId":"6a4c11","runId":"initial-3","hypothesisId":"H11","location":"public\/ajax\/checkout.php:getSessionCartItemsWithPrice","message":"session ids vs db ids after status filter","data":{"sessionIds":[47],"dbIds":[47],"sessionCount":1,"dbCount":1},"timestamp":1776620007824}
{"sessionId":"6a4c11","runId":"initial-2","hypothesisId":"H10","location":"public\/ajax\/checkout.php:67","message":"checkout cart response built","data":{"sessionCartRaw":{"47":2},"responseItemsCount":1,"responseTotal":4800000},"timestamp":1776620007825}
{"sessionId":"6a4c11","runId":"initial","hypothesisId":"H4","location":"public\/cart.php:4","message":"cart page session read","data":{"phpSessionId":"an8unsmda9hn93hm7tpdljcm64","sessionCart":{"47":2},"sessionCartCount":1},"timestamp":1776620025400}
{"sessionId":"6a4c11","runId":"initial","hypothesisId":"H5","location":"public\/cart.php:34","message":"cart product query completed","data":{"cartIds":[47],"productRows":1},"timestamp":1776620025401}
{"sessionId":"6a4c11","runId":"initial","hypothesisId":"H4","location":"public\/cart.php:4","message":"cart page session read","data":{"phpSessionId":"an8unsmda9hn93hm7tpdljcm64","sessionCart":{"47":2},"sessionCartCount":1},"timestamp":1776620037976}
{"sessionId":"6a4c11","runId":"initial","hypothesisId":"H5","location":"public\/cart.php:34","message":"cart product query completed","data":{"cartIds":[47],"productRows":1},"timestamp":1776620037979}
{"sessionId":"6a4c11","runId":"initial-2","hypothesisId":"H9","location":"public\/ajax\/checkout.php:8","message":"checkout endpoint entry","data":{"method":"GET","action":"cart","phpSessionId":"an8unsmda9hn93hm7tpdljcm64","sessionCartCount":1},"timestamp":1776620039895}
{"sessionId":"6a4c11","runId":"initial-3","hypothesisId":"H11","location":"public\/ajax\/checkout.php:getSessionCartItemsWithPrice","message":"session ids vs db ids after status filter","data":{"sessionIds":[47],"dbIds":[47],"sessionCount":1,"dbCount":1},"timestamp":1776620039929}
{"sessionId":"6a4c11","runId":"initial-2","hypothesisId":"H10","location":"public\/ajax\/checkout.php:67","message":"checkout cart response built","data":{"sessionCartRaw":{"47":2},"responseItemsCount":1,"responseTotal":4800000},"timestamp":1776620039931}
{"sessionId":"6a4c11","runId":"initial-2","hypothesisId":"H9","location":"public\/ajax\/checkout.php:8","message":"checkout endpoint entry","data":{"method":"POST","action":null,"phpSessionId":"an8unsmda9hn93hm7tpdljcm64","sessionCartCount":1},"timestamp":1776620055188}
{"sessionId":"6a4c11","runId":"initial-3","hypothesisId":"H11","location":"public\/ajax\/checkout.php:getSessionCartItemsWithPrice","message":"session ids vs db ids after status filter","data":{"sessionIds":[47],"dbIds":[47],"sessionCount":1,"dbCount":1},"timestamp":1776620055198}
{"sessionId":"6a4c11","runId":"initial","hypothesisId":"H1","location":"public\/actions\/add-cart.php:4","message":"add-cart endpoint hit","data":{"method":"POST","phpSessionId":"br0tjd9d0nus1adlcilag0gd5f"},"timestamp":1776646221355}
{"sessionId":"6a4c11","runId":"initial","hypothesisId":"H2","location":"public\/actions\/add-cart.php:24","message":"add-cart payload parsed","data":{"productId":47,"quantity":1},"timestamp":1776646221358}
{"sessionId":"6a4c11","runId":"initial","hypothesisId":"H3","location":"public\/actions\/add-cart.php:45","message":"cart updated in session","data":{"phpSessionId":"br0tjd9d0nus1adlcilag0gd5f","sessionCart":{"47":1},"totalItems":1},"timestamp":1776646221358}
{"sessionId":"6a4c11","runId":"initial","hypothesisId":"H4","location":"public\/cart.php:4","message":"cart page session read","data":{"phpSessionId":"br0tjd9d0nus1adlcilag0gd5f","sessionCart":{"47":1},"sessionCartCount":1},"timestamp":1776646227280}
{"sessionId":"6a4c11","runId":"initial","hypothesisId":"H5","location":"public\/cart.php:34","message":"cart product query completed","data":{"cartIds":[47],"productRows":1},"timestamp":1776646227281}
{"sessionId":"6a4c11","runId":"initial-2","hypothesisId":"H9","location":"public\/ajax\/checkout.php:8","message":"checkout endpoint entry","data":{"method":"GET","action":"cart","phpSessionId":"br0tjd9d0nus1adlcilag0gd5f","sessionCartCount":1},"timestamp":1776646229339}
{"sessionId":"6a4c11","runId":"initial-3","hypothesisId":"H11","location":"public\/ajax\/checkout.php:getSessionCartItemsWithPrice","message":"session ids vs db ids after status filter","data":{"sessionIds":[47],"dbIds":[47],"sessionCount":1,"dbCount":1},"timestamp":1776646229340}
{"sessionId":"6a4c11","runId":"initial-2","hypothesisId":"H10","location":"public\/ajax\/checkout.php:67","message":"checkout cart response built","data":{"sessionCartRaw":{"47":1},"responseItemsCount":1,"responseTotal":2400000},"timestamp":1776646229341}
{"sessionId":"6a4c11","runId":"initial-2","hypothesisId":"H9","location":"public\/ajax\/checkout.php:8","message":"checkout endpoint entry","data":{"method":"POST","action":null,"phpSessionId":"br0tjd9d0nus1adlcilag0gd5f","sessionCartCount":1},"timestamp":1776646244464}
{"sessionId":"6a4c11","runId":"initial-3","hypothesisId":"H11","location":"public\/ajax\/checkout.php:getSessionCartItemsWithPrice","message":"session ids vs db ids after status filter","data":{"sessionIds":[47],"dbIds":[47],"sessionCount":1,"dbCount":1},"timestamp":1776646244464}
{"sessionId":"6a4c11","runId":"initial","hypothesisId":"H4","location":"public\/cart.php:4","message":"cart page session read","data":{"phpSessionId":"br0tjd9d0nus1adlcilag0gd5f","sessionCart":[],"sessionCartCount":0},"timestamp":1776646337778}
{"sessionId":"6a4c11","runId":"initial","hypothesisId":"H1","location":"public\/actions\/add-cart.php:4","message":"add-cart endpoint hit","data":{"method":"POST","phpSessionId":"br0tjd9d0nus1adlcilag0gd5f"},"timestamp":1776646340834}
{"sessionId":"6a4c11","runId":"initial","hypothesisId":"H2","location":"public\/actions\/add-cart.php:24","message":"add-cart payload parsed","data":{"productId":44,"quantity":1},"timestamp":1776646340835}
{"sessionId":"6a4c11","runId":"initial","hypothesisId":"H3","location":"public\/actions\/add-cart.php:45","message":"cart updated in session","data":{"phpSessionId":"br0tjd9d0nus1adlcilag0gd5f","sessionCart":{"44":1},"totalItems":1},"timestamp":1776646340836}
{"sessionId":"6a4c11","runId":"initial","hypothesisId":"H4","location":"public\/cart.php:4","message":"cart page session read","data":{"phpSessionId":"br0tjd9d0nus1adlcilag0gd5f","sessionCart":{"44":1},"sessionCartCount":1},"timestamp":1776646343565}
{"sessionId":"6a4c11","runId":"initial","hypothesisId":"H5","location":"public\/cart.php:34","message":"cart product query completed","data":{"cartIds":[44],"productRows":1},"timestamp":1776646343565}
{"sessionId":"6a4c11","runId":"initial-2","hypothesisId":"H9","location":"public\/ajax\/checkout.php:8","message":"checkout endpoint entry","data":{"method":"GET","action":"cart","phpSessionId":"br0tjd9d0nus1adlcilag0gd5f","sessionCartCount":1},"timestamp":1776646345527}
{"sessionId":"6a4c11","runId":"initial-3","hypothesisId":"H11","location":"public\/ajax\/checkout.php:getSessionCartItemsWithPrice","message":"session ids vs db ids after status filter","data":{"sessionIds":[44],"dbIds":[44],"sessionCount":1,"dbCount":1},"timestamp":1776646345531}
{"sessionId":"6a4c11","runId":"initial-2","hypothesisId":"H10","location":"public\/ajax\/checkout.php:67","message":"checkout cart response built","data":{"sessionCartRaw":{"44":1},"responseItemsCount":1,"responseTotal":360000},"timestamp":1776646345537}
{"sessionId":"6a4c11","runId":"initial-2","hypothesisId":"H9","location":"public\/ajax\/checkout.php:8","message":"checkout endpoint entry","data":{"method":"POST","action":null,"phpSessionId":"br0tjd9d0nus1adlcilag0gd5f","sessionCartCount":1},"timestamp":1776646371324}
{"sessionId":"6a4c11","runId":"initial-3","hypothesisId":"H11","location":"public\/ajax\/checkout.php:getSessionCartItemsWithPrice","message":"session ids vs db ids after status filter","data":{"sessionIds":[44],"dbIds":[44],"sessionCount":1,"dbCount":1},"timestamp":1776646371325}
{"sessionId":"6a4c11","runId":"initial","hypothesisId":"H4","location":"public\/cart.php:4","message":"cart page session read","data":{"phpSessionId":"br0tjd9d0nus1adlcilag0gd5f","sessionCart":[],"sessionCartCount":0},"timestamp":1776646387263}
{"sessionId":"6a4c11","runId":"initial","hypothesisId":"H4","location":"public\/cart.php:4","message":"cart page session read","data":{"phpSessionId":"br0tjd9d0nus1adlcilag0gd5f","sessionCart":[],"sessionCartCount":0},"timestamp":1776646768489}
{"sessionId":"6a4c11","runId":"initial","hypothesisId":"H1","location":"public\/actions\/add-cart.php:4","message":"add-cart endpoint hit","data":{"method":"POST","phpSessionId":"br0tjd9d0nus1adlcilag0gd5f"},"timestamp":1776647093153}
{"sessionId":"6a4c11","runId":"initial","hypothesisId":"H2","location":"public\/actions\/add-cart.php:24","message":"add-cart payload parsed","data":{"productId":47,"quantity":1},"timestamp":1776647093155}
{"sessionId":"6a4c11","runId":"initial","hypothesisId":"H3","location":"public\/actions\/add-cart.php:45","message":"cart updated in session","data":{"phpSessionId":"br0tjd9d0nus1adlcilag0gd5f","sessionCart":{"47":1},"totalItems":1},"timestamp":1776647093157}
{"sessionId":"6a4c11","runId":"initial","hypothesisId":"H4","location":"public\/cart.php:4","message":"cart page session read","data":{"phpSessionId":"br0tjd9d0nus1adlcilag0gd5f","sessionCart":{"47":1},"sessionCartCount":1},"timestamp":1776647095677}
{"sessionId":"6a4c11","runId":"initial","hypothesisId":"H5","location":"public\/cart.php:34","message":"cart product query completed","data":{"cartIds":[47],"productRows":1},"timestamp":1776647095685}
{"sessionId":"6a4c11","runId":"initial-2","hypothesisId":"H9","location":"public\/ajax\/checkout.php:8","message":"checkout endpoint entry","data":{"method":"GET","action":"cart","phpSessionId":"br0tjd9d0nus1adlcilag0gd5f","sessionCartCount":1},"timestamp":1776647097525}
{"sessionId":"6a4c11","runId":"initial-3","hypothesisId":"H11","location":"public\/ajax\/checkout.php:getSessionCartItemsWithPrice","message":"session ids vs db ids after status filter","data":{"sessionIds":[47],"dbIds":[47],"sessionCount":1,"dbCount":1},"timestamp":1776647097532}
{"sessionId":"6a4c11","runId":"initial-2","hypothesisId":"H10","location":"public\/ajax\/checkout.php:67","message":"checkout cart response built","data":{"sessionCartRaw":{"47":1},"responseItemsCount":1,"responseTotal":2400000},"timestamp":1776647097535}
{"sessionId":"6a4c11","runId":"initial-2","hypothesisId":"H9","location":"public\/ajax\/checkout.php:8","message":"checkout endpoint entry","data":{"method":"POST","action":null,"phpSessionId":"br0tjd9d0nus1adlcilag0gd5f","sessionCartCount":1},"timestamp":1776647110863}
{"sessionId":"6a4c11","runId":"initial-3","hypothesisId":"H11","location":"public\/ajax\/checkout.php:getSessionCartItemsWithPrice","message":"session ids vs db ids after status filter","data":{"sessionIds":[47],"dbIds":[47],"sessionCount":1,"dbCount":1},"timestamp":1776647110868}
{"sessionId":"6a4c11","runId":"initial","hypothesisId":"H1","location":"public\/actions\/add-cart.php:4","message":"add-cart endpoint hit","data":{"method":"POST","phpSessionId":"br0tjd9d0nus1adlcilag0gd5f"},"timestamp":1776648142128}
{"sessionId":"6a4c11","runId":"initial","hypothesisId":"H2","location":"public\/actions\/add-cart.php:24","message":"add-cart payload parsed","data":{"productId":47,"quantity":1},"timestamp":1776648142133}
{"sessionId":"6a4c11","runId":"initial","hypothesisId":"H3","location":"public\/actions\/add-cart.php:45","message":"cart updated in session","data":{"phpSessionId":"br0tjd9d0nus1adlcilag0gd5f","sessionCart":{"47":1},"totalItems":1},"timestamp":1776648142134}
{"sessionId":"6a4c11","runId":"initial","hypothesisId":"H4","location":"public\/cart.php:4","message":"cart page session read","data":{"phpSessionId":"br0tjd9d0nus1adlcilag0gd5f","sessionCart":{"47":1},"sessionCartCount":1},"timestamp":1776648149028}
{"sessionId":"6a4c11","runId":"initial","hypothesisId":"H5","location":"public\/cart.php:34","message":"cart product query completed","data":{"cartIds":[47],"productRows":1},"timestamp":1776648149031}
{"sessionId":"6a4c11","runId":"initial-2","hypothesisId":"H9","location":"public\/ajax\/checkout.php:8","message":"checkout endpoint entry","data":{"method":"GET","action":"cart","phpSessionId":"br0tjd9d0nus1adlcilag0gd5f","sessionCartCount":1},"timestamp":1776648151208}
{"sessionId":"6a4c11","runId":"initial-3","hypothesisId":"H11","location":"public\/ajax\/checkout.php:getSessionCartItemsWithPrice","message":"session ids vs db ids after status filter","data":{"sessionIds":[47],"dbIds":[47],"sessionCount":1,"dbCount":1},"timestamp":1776648151245}
{"sessionId":"6a4c11","runId":"initial-2","hypothesisId":"H10","location":"public\/ajax\/checkout.php:67","message":"checkout cart response built","data":{"sessionCartRaw":{"47":1},"responseItemsCount":1,"responseTotal":2400000},"timestamp":1776648151246}
{"sessionId":"6a4c11","runId":"initial-2","hypothesisId":"H9","location":"public\/ajax\/checkout.php:8","message":"checkout endpoint entry","data":{"method":"POST","action":null,"phpSessionId":"br0tjd9d0nus1adlcilag0gd5f","sessionCartCount":1},"timestamp":1776648162496}
{"sessionId":"6a4c11","runId":"initial-3","hypothesisId":"H11","location":"public\/ajax\/checkout.php:getSessionCartItemsWithPrice","message":"session ids vs db ids after status filter","data":{"sessionIds":[47],"dbIds":[47],"sessionCount":1,"dbCount":1},"timestamp":1776648162512}
{"sessionId":"6a4c11","runId":"initial","hypothesisId":"H1","location":"public\/actions\/add-cart.php:4","message":"add-cart endpoint hit","data":{"method":"POST","phpSessionId":"br0tjd9d0nus1adlcilag0gd5f"},"timestamp":1776649930685}
{"sessionId":"6a4c11","runId":"initial","hypothesisId":"H2","location":"public\/actions\/add-cart.php:24","message":"add-cart payload parsed","data":{"productId":47,"quantity":1},"timestamp":1776649930688}
{"sessionId":"6a4c11","runId":"initial","hypothesisId":"H3","location":"public\/actions\/add-cart.php:45","message":"cart updated in session","data":{"phpSessionId":"br0tjd9d0nus1adlcilag0gd5f","sessionCart":{"47":1},"totalItems":1},"timestamp":1776649930689}
{"sessionId":"6a4c11","runId":"initial","hypothesisId":"H4","location":"public\/cart.php:4","message":"cart page session read","data":{"phpSessionId":"br0tjd9d0nus1adlcilag0gd5f","sessionCart":{"47":1},"sessionCartCount":1},"timestamp":1776649933302}
{"sessionId":"6a4c11","runId":"initial","hypothesisId":"H5","location":"public\/cart.php:34","message":"cart product query completed","data":{"cartIds":[47],"productRows":1},"timestamp":1776649933305}
{"sessionId":"6a4c11","runId":"initial","hypothesisId":"H1","location":"public\/actions\/add-cart.php:4","message":"add-cart endpoint hit","data":{"method":"POST","phpSessionId":"br0tjd9d0nus1adlcilag0gd5f"},"timestamp":1776650369883}
{"sessionId":"6a4c11","runId":"initial","hypothesisId":"H2","location":"public\/actions\/add-cart.php:24","message":"add-cart payload parsed","data":{"productId":47,"quantity":1},"timestamp":1776650369883}
{"sessionId":"6a4c11","runId":"initial","hypothesisId":"H3","location":"public\/actions\/add-cart.php:45","message":"cart updated in session","data":{"phpSessionId":"br0tjd9d0nus1adlcilag0gd5f","sessionCart":{"47":1},"totalItems":1},"timestamp":1776650369884}
{"sessionId":"6a4c11","runId":"initial","hypothesisId":"H4","location":"public\/cart.php:4","message":"cart page session read","data":{"phpSessionId":"br0tjd9d0nus1adlcilag0gd5f","sessionCart":{"47":1},"sessionCartCount":1},"timestamp":1776650372790}
{"sessionId":"6a4c11","runId":"initial","hypothesisId":"H5","location":"public\/cart.php:34","message":"cart product query completed","data":{"cartIds":[47],"productRows":1},"timestamp":1776650372792}
{"sessionId":"6a4c11","runId":"initial","hypothesisId":"H1","location":"public\/actions\/add-cart.php:4","message":"add-cart endpoint hit","data":{"method":"POST","phpSessionId":"br0tjd9d0nus1adlcilag0gd5f"},"timestamp":1776650579981}
{"sessionId":"6a4c11","runId":"initial","hypothesisId":"H2","location":"public\/actions\/add-cart.php:24","message":"add-cart payload parsed","data":{"productId":47,"quantity":1},"timestamp":1776650579984}
{"sessionId":"6a4c11","runId":"initial","hypothesisId":"H3","location":"public\/actions\/add-cart.php:45","message":"cart updated in session","data":{"phpSessionId":"br0tjd9d0nus1adlcilag0gd5f","sessionCart":{"47":1},"totalItems":1},"timestamp":1776650579987}
{"sessionId":"6a4c11","runId":"initial","hypothesisId":"H4","location":"public\/cart.php:4","message":"cart page session read","data":{"phpSessionId":"br0tjd9d0nus1adlcilag0gd5f","sessionCart":{"47":1},"sessionCartCount":1},"timestamp":1776650582705}
{"sessionId":"6a4c11","runId":"initial","hypothesisId":"H5","location":"public\/cart.php:34","message":"cart product query completed","data":{"cartIds":[47],"productRows":1},"timestamp":1776650582707}
{"sessionId":"6a4c11","runId":"initial","hypothesisId":"H4","location":"public\/cart.php:4","message":"cart page session read","data":{"phpSessionId":"br0tjd9d0nus1adlcilag0gd5f","sessionCart":[],"sessionCartCount":0},"timestamp":1776652718598}
{"sessionId":"6a4c11","runId":"initial","hypothesisId":"H1","location":"public\/actions\/add-cart.php:4","message":"add-cart endpoint hit","data":{"method":"POST","phpSessionId":"br0tjd9d0nus1adlcilag0gd5f"},"timestamp":1776652729772}
{"sessionId":"6a4c11","runId":"initial","hypothesisId":"H2","location":"public\/actions\/add-cart.php:24","message":"add-cart payload parsed","data":{"productId":51,"quantity":1},"timestamp":1776652729773}
{"sessionId":"6a4c11","runId":"initial","hypothesisId":"H3","location":"public\/actions\/add-cart.php:45","message":"cart updated in session","data":{"phpSessionId":"br0tjd9d0nus1adlcilag0gd5f","sessionCart":{"51":1},"totalItems":1},"timestamp":1776652729773}
{"sessionId":"6a4c11","runId":"initial","hypothesisId":"H4","location":"public\/cart.php:4","message":"cart page session read","data":{"phpSessionId":"br0tjd9d0nus1adlcilag0gd5f","sessionCart":{"51":1},"sessionCartCount":1},"timestamp":1776652732824}
{"sessionId":"6a4c11","runId":"initial","hypothesisId":"H5","location":"public\/cart.php:34","message":"cart product query completed","data":{"cartIds":[51],"productRows":1},"timestamp":1776652732831}
{"sessionId":"6a4c11","runId":"initial","hypothesisId":"H1","location":"public\/actions\/add-cart.php:4","message":"add-cart endpoint hit","data":{"method":"POST","phpSessionId":"tvjsunto05cd529q40timvidj9"},"timestamp":1776654385655}
{"sessionId":"6a4c11","runId":"initial","hypothesisId":"H2","location":"public\/actions\/add-cart.php:24","message":"add-cart payload parsed","data":{"productId":56,"quantity":1},"timestamp":1776654385658}
{"sessionId":"6a4c11","runId":"initial","hypothesisId":"H3","location":"public\/actions\/add-cart.php:45","message":"cart updated in session","data":{"phpSessionId":"tvjsunto05cd529q40timvidj9","sessionCart":{"56":1},"totalItems":1},"timestamp":1776654385659}
{"sessionId":"6a4c11","runId":"initial","hypothesisId":"H4","location":"public\/cart.php:4","message":"cart page session read","data":{"phpSessionId":"tvjsunto05cd529q40timvidj9","sessionCart":{"56":1},"sessionCartCount":1},"timestamp":1776654388733}
{"sessionId":"6a4c11","runId":"initial","hypothesisId":"H5","location":"public\/cart.php:34","message":"cart product query completed","data":{"cartIds":[56],"productRows":1},"timestamp":1776654388751}
{"sessionId":"6a4c11","runId":"initial","hypothesisId":"H1","location":"public\/actions\/add-cart.php:4","message":"add-cart endpoint hit","data":{"method":"POST","phpSessionId":"br0tjd9d0nus1adlcilag0gd5f"},"timestamp":1776670627860}
{"sessionId":"6a4c11","runId":"initial","hypothesisId":"H2","location":"public\/actions\/add-cart.php:24","message":"add-cart payload parsed","data":{"productId":57,"quantity":1},"timestamp":1776670627862}
{"sessionId":"6a4c11","runId":"initial","hypothesisId":"H3","location":"public\/actions\/add-cart.php:45","message":"cart updated in session","data":{"phpSessionId":"br0tjd9d0nus1adlcilag0gd5f","sessionCart":{"51":1,"57":1},"totalItems":2},"timestamp":1776670627863}
{"sessionId":"6a4c11","runId":"initial","hypothesisId":"H1","location":"public\/actions\/add-cart.php:4","message":"add-cart endpoint hit","data":{"method":"POST","phpSessionId":"br0tjd9d0nus1adlcilag0gd5f"},"timestamp":1776670630540}
{"sessionId":"6a4c11","runId":"initial","hypothesisId":"H2","location":"public\/actions\/add-cart.php:24","message":"add-cart payload parsed","data":{"productId":56,"quantity":1},"timestamp":1776670630540}
{"sessionId":"6a4c11","runId":"initial","hypothesisId":"H3","location":"public\/actions\/add-cart.php:45","message":"cart updated in session","data":{"phpSessionId":"br0tjd9d0nus1adlcilag0gd5f","sessionCart":{"51":1,"57":1,"56":1},"totalItems":3},"timestamp":1776670630540}
{"sessionId":"6a4c11","runId":"initial","hypothesisId":"H4","location":"public\/cart.php:4","message":"cart page session read","data":{"phpSessionId":"br0tjd9d0nus1adlcilag0gd5f","sessionCart":{"51":1,"57":1,"56":1},"sessionCartCount":3},"timestamp":1776670635877}
{"sessionId":"6a4c11","runId":"initial","hypothesisId":"H5","location":"public\/cart.php:34","message":"cart product query completed","data":{"cartIds":[51,57,56],"productRows":3},"timestamp":1776670635883}
{"sessionId":"6a4c11","runId":"initial","hypothesisId":"H4","location":"public\/cart.php:4","message":"cart page session read","data":{"phpSessionId":"br0tjd9d0nus1adlcilag0gd5f","sessionCart":[],"sessionCartCount":0},"timestamp":1776670647299}
{"sessionId":"6a4c11","runId":"initial","hypothesisId":"H1","location":"public\/actions\/add-cart.php:4","message":"add-cart endpoint hit","data":{"method":"POST","phpSessionId":"br0tjd9d0nus1adlcilag0gd5f"},"timestamp":1776673666668}
{"sessionId":"6a4c11","runId":"initial","hypothesisId":"H2","location":"public\/actions\/add-cart.php:24","message":"add-cart payload parsed","data":{"productId":56,"quantity":1},"timestamp":1776673666673}
{"sessionId":"6a4c11","runId":"initial","hypothesisId":"H3","location":"public\/actions\/add-cart.php:45","message":"cart updated in session","data":{"phpSessionId":"br0tjd9d0nus1adlcilag0gd5f","sessionCart":{"56":1},"totalItems":1},"timestamp":1776673666674}
{"sessionId":"6a4c11","runId":"initial","hypothesisId":"H4","location":"public\/cart.php:4","message":"cart page session read","data":{"phpSessionId":"br0tjd9d0nus1adlcilag0gd5f","sessionCart":{"56":1},"sessionCartCount":1},"timestamp":1776673744466}
{"sessionId":"6a4c11","runId":"initial","hypothesisId":"H5","location":"public\/cart.php:34","message":"cart product query completed","data":{"cartIds":[56],"productRows":1},"timestamp":1776673744471}
{"sessionId":"6a4c11","runId":"initial","hypothesisId":"H4","location":"public\/cart.php:4","message":"cart page session read","data":{"phpSessionId":"br0tjd9d0nus1adlcilag0gd5f","sessionCart":{"56":1},"sessionCartCount":1},"timestamp":1776673900874}
{"sessionId":"6a4c11","runId":"initial","hypothesisId":"H5","location":"public\/cart.php:34","message":"cart product query completed","data":{"cartIds":[56],"productRows":1},"timestamp":1776673900878}
{"sessionId":"6a4c11","runId":"initial","hypothesisId":"H1","location":"public\/actions\/add-cart.php:4","message":"add-cart endpoint hit","data":{"method":"POST","phpSessionId":"br0tjd9d0nus1adlcilag0gd5f"},"timestamp":1776674229596}
{"sessionId":"6a4c11","runId":"initial","hypothesisId":"H2","location":"public\/actions\/add-cart.php:24","message":"add-cart payload parsed","data":{"productId":56,"quantity":1},"timestamp":1776674229599}
{"sessionId":"6a4c11","runId":"initial","hypothesisId":"H3","location":"public\/actions\/add-cart.php:45","message":"cart updated in session","data":{"phpSessionId":"br0tjd9d0nus1adlcilag0gd5f","sessionCart":{"56":2},"totalItems":2},"timestamp":1776674229600}
{"sessionId":"6a4c11","runId":"initial","hypothesisId":"H1","location":"public\/actions\/add-cart.php:4","message":"add-cart endpoint hit","data":{"method":"POST","phpSessionId":"br0tjd9d0nus1adlcilag0gd5f"},"timestamp":1776674239318}
{"sessionId":"6a4c11","runId":"initial","hypothesisId":"H2","location":"public\/actions\/add-cart.php:24","message":"add-cart payload parsed","data":{"productId":56,"quantity":1},"timestamp":1776674239322}
{"sessionId":"6a4c11","runId":"initial","hypothesisId":"H3","location":"public\/actions\/add-cart.php:45","message":"cart updated in session","data":{"phpSessionId":"br0tjd9d0nus1adlcilag0gd5f","sessionCart":{"56":3},"totalItems":3},"timestamp":1776674239323}
{"sessionId":"6a4c11","runId":"initial","hypothesisId":"H4","location":"public\/cart.php:4","message":"cart page session read","data":{"phpSessionId":"br0tjd9d0nus1adlcilag0gd5f","sessionCart":{"56":3},"sessionCartCount":1},"timestamp":1776674243975}
{"sessionId":"6a4c11","runId":"initial","hypothesisId":"H5","location":"public\/cart.php:34","message":"cart product query completed","data":{"cartIds":[56],"productRows":1},"timestamp":1776674243978}
{"sessionId":"6a4c11","runId":"initial","hypothesisId":"H1","location":"public\/actions\/add-cart.php:4","message":"add-cart endpoint hit","data":{"method":"POST","phpSessionId":"br0tjd9d0nus1adlcilag0gd5f"},"timestamp":1776674892628}
{"sessionId":"6a4c11","runId":"initial","hypothesisId":"H2","location":"public\/actions\/add-cart.php:24","message":"add-cart payload parsed","data":{"productId":57,"quantity":1},"timestamp":1776674892634}
{"sessionId":"6a4c11","runId":"initial","hypothesisId":"H3","location":"public\/actions\/add-cart.php:45","message":"cart updated in session","data":{"phpSessionId":"br0tjd9d0nus1adlcilag0gd5f","sessionCart":{"56":3,"57":1},"totalItems":4},"timestamp":1776674892634}
{"sessionId":"6a4c11","runId":"initial","hypothesisId":"H1","location":"public\/actions\/add-cart.php:4","message":"add-cart endpoint hit","data":{"method":"POST","phpSessionId":"br0tjd9d0nus1adlcilag0gd5f"},"timestamp":1776674897679}
{"sessionId":"6a4c11","runId":"initial","hypothesisId":"H2","location":"public\/actions\/add-cart.php:24","message":"add-cart payload parsed","data":{"productId":57,"quantity":1},"timestamp":1776674897680}
{"sessionId":"6a4c11","runId":"initial","hypothesisId":"H3","location":"public\/actions\/add-cart.php:45","message":"cart updated in session","data":{"phpSessionId":"br0tjd9d0nus1adlcilag0gd5f","sessionCart":{"56":3,"57":2},"totalItems":5},"timestamp":1776674897680}
{"sessionId":"6a4c11","runId":"initial","hypothesisId":"H4","location":"public\/cart.php:4","message":"cart page session read","data":{"phpSessionId":"br0tjd9d0nus1adlcilag0gd5f","sessionCart":{"56":3,"57":2},"sessionCartCount":2},"timestamp":1776674900426}
{"sessionId":"6a4c11","runId":"initial","hypothesisId":"H5","location":"public\/cart.php:34","message":"cart product query completed","data":{"cartIds":[56,57],"productRows":2},"timestamp":1776674900433}
{"sessionId":"6a4c11","runId":"initial","hypothesisId":"H1","location":"public\/actions\/add-cart.php:4","message":"add-cart endpoint hit","data":{"method":"POST","phpSessionId":"br0tjd9d0nus1adlcilag0gd5f"},"timestamp":1776674981499}
{"sessionId":"6a4c11","runId":"initial","hypothesisId":"H2","location":"public\/actions\/add-cart.php:24","message":"add-cart payload parsed","data":{"productId":57,"quantity":1},"timestamp":1776674981499}
{"sessionId":"6a4c11","runId":"initial","hypothesisId":"H3","location":"public\/actions\/add-cart.php:45","message":"cart updated in session","data":{"phpSessionId":"br0tjd9d0nus1adlcilag0gd5f","sessionCart":{"56":3,"57":3},"totalItems":6},"timestamp":1776674981500}
{"sessionId":"6a4c11","runId":"initial","hypothesisId":"H1","location":"public\/actions\/add-cart.php:4","message":"add-cart endpoint hit","data":{"method":"POST","phpSessionId":"br0tjd9d0nus1adlcilag0gd5f"},"timestamp":1776674985902}
{"sessionId":"6a4c11","runId":"initial","hypothesisId":"H2","location":"public\/actions\/add-cart.php:24","message":"add-cart payload parsed","data":{"productId":57,"quantity":1},"timestamp":1776674985902}
{"sessionId":"6a4c11","runId":"initial","hypothesisId":"H3","location":"public\/actions\/add-cart.php:45","message":"cart updated in session","data":{"phpSessionId":"br0tjd9d0nus1adlcilag0gd5f","sessionCart":{"56":3,"57":4},"totalItems":7},"timestamp":1776674985902}
{"sessionId":"6a4c11","runId":"initial","hypothesisId":"H1","location":"public\/actions\/add-cart.php:4","message":"add-cart endpoint hit","data":{"method":"POST","phpSessionId":"br0tjd9d0nus1adlcilag0gd5f"},"timestamp":1776674990184}
{"sessionId":"6a4c11","runId":"initial","hypothesisId":"H2","location":"public\/actions\/add-cart.php:24","message":"add-cart payload parsed","data":{"productId":57,"quantity":5},"timestamp":1776674990185}
{"sessionId":"6a4c11","runId":"initial","hypothesisId":"H3","location":"public\/actions\/add-cart.php:45","message":"cart updated in session","data":{"phpSessionId":"br0tjd9d0nus1adlcilag0gd5f","sessionCart":{"56":3,"57":9},"totalItems":12},"timestamp":1776674990185}
{"sessionId":"6a4c11","runId":"initial","hypothesisId":"H1","location":"public\/actions\/add-cart.php:4","message":"add-cart endpoint hit","data":{"method":"POST","phpSessionId":"br0tjd9d0nus1adlcilag0gd5f"},"timestamp":1776674993093}
{"sessionId":"6a4c11","runId":"initial","hypothesisId":"H2","location":"public\/actions\/add-cart.php:24","message":"add-cart payload parsed","data":{"productId":57,"quantity":5},"timestamp":1776674993094}
{"sessionId":"6a4c11","runId":"initial","hypothesisId":"H3","location":"public\/actions\/add-cart.php:45","message":"cart updated in session","data":{"phpSessionId":"br0tjd9d0nus1adlcilag0gd5f","sessionCart":{"56":3,"57":14},"totalItems":17},"timestamp":1776674993094}
{"sessionId":"6a4c11","runId":"initial","hypothesisId":"H4","location":"public\/cart.php:4","message":"cart page session read","data":{"phpSessionId":"br0tjd9d0nus1adlcilag0gd5f","sessionCart":{"56":3,"57":14},"sessionCartCount":2},"timestamp":1776674995757}
{"sessionId":"6a4c11","runId":"initial","hypothesisId":"H5","location":"public\/cart.php:34","message":"cart product query completed","data":{"cartIds":[56,57],"productRows":2},"timestamp":1776674995774}
{"sessionId":"6a4c11","runId":"initial","hypothesisId":"H4","location":"public\/cart.php:4","message":"cart page session read","data":{"phpSessionId":"br0tjd9d0nus1adlcilag0gd5f","sessionCart":{"56":3,"57":14},"sessionCartCount":2},"timestamp":1776674998100}
{"sessionId":"6a4c11","runId":"initial","hypothesisId":"H5","location":"public\/cart.php:34","message":"cart product query completed","data":{"cartIds":[56,57],"productRows":2},"timestamp":1776674998102}
{"sessionId":"6a4c11","runId":"initial","hypothesisId":"H1","location":"public\/actions\/add-cart.php:4","message":"add-cart endpoint hit","data":{"method":"POST","phpSessionId":"br0tjd9d0nus1adlcilag0gd5f"},"timestamp":1776675003064}
{"sessionId":"6a4c11","runId":"initial","hypothesisId":"H2","location":"public\/actions\/add-cart.php:24","message":"add-cart payload parsed","data":{"productId":57,"quantity":1},"timestamp":1776675003065}
{"sessionId":"6a4c11","runId":"initial","hypothesisId":"H3","location":"public\/actions\/add-cart.php:45","message":"cart updated in session","data":{"phpSessionId":"br0tjd9d0nus1adlcilag0gd5f","sessionCart":{"56":3,"57":15},"totalItems":18},"timestamp":1776675003065}
{"sessionId":"6a4c11","runId":"initial","hypothesisId":"H1","location":"public\/actions\/add-cart.php:4","message":"add-cart endpoint hit","data":{"method":"POST","phpSessionId":"br0tjd9d0nus1adlcilag0gd5f"},"timestamp":1776675004357}
{"sessionId":"6a4c11","runId":"initial","hypothesisId":"H2","location":"public\/actions\/add-cart.php:24","message":"add-cart payload parsed","data":{"productId":56,"quantity":1},"timestamp":1776675004357}
{"sessionId":"6a4c11","runId":"initial","hypothesisId":"H3","location":"public\/actions\/add-cart.php:45","message":"cart updated in session","data":{"phpSessionId":"br0tjd9d0nus1adlcilag0gd5f","sessionCart":{"56":4,"57":15},"totalItems":19},"timestamp":1776675004357}
{"sessionId":"6a4c11","runId":"initial","hypothesisId":"H1","location":"public\/actions\/add-cart.php:4","message":"add-cart endpoint hit","data":{"method":"POST","phpSessionId":"br0tjd9d0nus1adlcilag0gd5f"},"timestamp":1776675010512}
{"sessionId":"6a4c11","runId":"initial","hypothesisId":"H2","location":"public\/actions\/add-cart.php:24","message":"add-cart payload parsed","data":{"productId":56,"quantity":1},"timestamp":1776675010512}
{"sessionId":"6a4c11","runId":"initial","hypothesisId":"H3","location":"public\/actions\/add-cart.php:45","message":"cart updated in session","data":{"phpSessionId":"br0tjd9d0nus1adlcilag0gd5f","sessionCart":{"56":5,"57":15},"totalItems":20},"timestamp":1776675010513}
{"sessionId":"6a4c11","runId":"initial","hypothesisId":"H1","location":"public\/actions\/add-cart.php:4","message":"add-cart endpoint hit","data":{"method":"POST","phpSessionId":"br0tjd9d0nus1adlcilag0gd5f"},"timestamp":1776675765143}
{"sessionId":"6a4c11","runId":"initial","hypothesisId":"H2","location":"public\/actions\/add-cart.php:24","message":"add-cart payload parsed","data":{"productId":56,"quantity":1},"timestamp":1776675765147}
{"sessionId":"6a4c11","runId":"initial","hypothesisId":"H3","location":"public\/actions\/add-cart.php:45","message":"cart updated in session","data":{"phpSessionId":"br0tjd9d0nus1adlcilag0gd5f","sessionCart":{"56":6,"57":15},"totalItems":21},"timestamp":1776675765147}
{"sessionId":"6a4c11","runId":"initial","hypothesisId":"H1","location":"public\/actions\/add-cart.php:4","message":"add-cart endpoint hit","data":{"method":"POST","phpSessionId":"br0tjd9d0nus1adlcilag0gd5f"},"timestamp":1776675768297}
{"sessionId":"6a4c11","runId":"initial","hypothesisId":"H2","location":"public\/actions\/add-cart.php:24","message":"add-cart payload parsed","data":{"productId":56,"quantity":1},"timestamp":1776675768298}
{"sessionId":"6a4c11","runId":"initial","hypothesisId":"H3","location":"public\/actions\/add-cart.php:45","message":"cart updated in session","data":{"phpSessionId":"br0tjd9d0nus1adlcilag0gd5f","sessionCart":{"56":7,"57":15},"totalItems":22},"timestamp":1776675768298}
{"sessionId":"6a4c11","runId":"initial","hypothesisId":"H4","location":"public\/cart.php:4","message":"cart page session read","data":{"phpSessionId":"br0tjd9d0nus1adlcilag0gd5f","sessionCart":{"56":7,"57":15},"sessionCartCount":2},"timestamp":1776675768356}
{"sessionId":"6a4c11","runId":"initial","hypothesisId":"H5","location":"public\/cart.php:34","message":"cart product query completed","data":{"cartIds":[56,57],"productRows":2},"timestamp":1776675768358}
{"sessionId":"6a4c11","runId":"initial","hypothesisId":"H1","location":"public\/actions\/add-cart.php:4","message":"add-cart endpoint hit","data":{"method":"POST","phpSessionId":"br0tjd9d0nus1adlcilag0gd5f"},"timestamp":1776675773345}
{"sessionId":"6a4c11","runId":"initial","hypothesisId":"H2","location":"public\/actions\/add-cart.php:24","message":"add-cart payload parsed","data":{"productId":56,"quantity":1},"timestamp":1776675773345}
{"sessionId":"6a4c11","runId":"initial","hypothesisId":"H3","location":"public\/actions\/add-cart.php:45","message":"cart updated in session","data":{"phpSessionId":"br0tjd9d0nus1adlcilag0gd5f","sessionCart":{"56":8,"57":15},"totalItems":23},"timestamp":1776675773346}
{"sessionId":"6a4c11","runId":"initial","hypothesisId":"H4","location":"public\/cart.php:4","message":"cart page session read","data":{"phpSessionId":"br0tjd9d0nus1adlcilag0gd5f","sessionCart":{"56":8,"57":15},"sessionCartCount":2},"timestamp":1776675773381}
{"sessionId":"6a4c11","runId":"initial","hypothesisId":"H5","location":"public\/cart.php:34","message":"cart product query completed","data":{"cartIds":[56,57],"productRows":2},"timestamp":1776675773382}
{"sessionId":"6a4c11","runId":"initial","hypothesisId":"H1","location":"public\/actions\/add-cart.php:4","message":"add-cart endpoint hit","data":{"method":"POST","phpSessionId":"br0tjd9d0nus1adlcilag0gd5f"},"timestamp":1776675776423}
{"sessionId":"6a4c11","runId":"initial","hypothesisId":"H2","location":"public\/actions\/add-cart.php:24","message":"add-cart payload parsed","data":{"productId":56,"quantity":1},"timestamp":1776675776423}
{"sessionId":"6a4c11","runId":"initial","hypothesisId":"H3","location":"public\/actions\/add-cart.php:45","message":"cart updated in session","data":{"phpSessionId":"br0tjd9d0nus1adlcilag0gd5f","sessionCart":{"56":9,"57":15},"totalItems":24},"timestamp":1776675776424}
{"sessionId":"6a4c11","runId":"initial","hypothesisId":"H1","location":"public\/actions\/add-cart.php:4","message":"add-cart endpoint hit","data":{"method":"POST","phpSessionId":"br0tjd9d0nus1adlcilag0gd5f"},"timestamp":1776675788659}
{"sessionId":"6a4c11","runId":"initial","hypothesisId":"H2","location":"public\/actions\/add-cart.php:24","message":"add-cart payload parsed","data":{"productId":56,"quantity":1},"timestamp":1776675788663}
{"sessionId":"6a4c11","runId":"initial","hypothesisId":"H3","location":"public\/actions\/add-cart.php:45","message":"cart updated in session","data":{"phpSessionId":"br0tjd9d0nus1adlcilag0gd5f","sessionCart":{"56":10,"57":15},"totalItems":25},"timestamp":1776675788663}
{"sessionId":"6a4c11","runId":"initial","hypothesisId":"H1","location":"public\/actions\/add-cart.php:4","message":"add-cart endpoint hit","data":{"method":"POST","phpSessionId":"br0tjd9d0nus1adlcilag0gd5f"},"timestamp":1776676903207}
{"sessionId":"6a4c11","runId":"initial","hypothesisId":"H2","location":"public\/actions\/add-cart.php:24","message":"add-cart payload parsed","data":{"productId":56,"quantity":1},"timestamp":1776676903209}
{"sessionId":"6a4c11","runId":"initial","hypothesisId":"H3","location":"public\/actions\/add-cart.php:45","message":"cart updated in session","data":{"phpSessionId":"br0tjd9d0nus1adlcilag0gd5f","sessionCart":{"56":11,"57":15},"totalItems":26},"timestamp":1776676903210}
{"sessionId":"6a4c11","runId":"initial","hypothesisId":"H1","location":"public\/actions\/add-cart.php:4","message":"add-cart endpoint hit","data":{"method":"POST","phpSessionId":"br0tjd9d0nus1adlcilag0gd5f"},"timestamp":1776676906183}
{"sessionId":"6a4c11","runId":"initial","hypothesisId":"H2","location":"public\/actions\/add-cart.php:24","message":"add-cart payload parsed","data":{"productId":56,"quantity":1},"timestamp":1776676906183}
{"sessionId":"6a4c11","runId":"initial","hypothesisId":"H3","location":"public\/actions\/add-cart.php:45","message":"cart updated in session","data":{"phpSessionId":"br0tjd9d0nus1adlcilag0gd5f","sessionCart":{"56":12,"57":15},"totalItems":27},"timestamp":1776676906183}
{"sessionId":"6a4c11","runId":"initial","hypothesisId":"H4","location":"public\/cart.php:4","message":"cart page session read","data":{"phpSessionId":"br0tjd9d0nus1adlcilag0gd5f","sessionCart":{"56":12,"57":15},"sessionCartCount":2},"timestamp":1776676907118}
{"sessionId":"6a4c11","runId":"initial","hypothesisId":"H5","location":"public\/cart.php:34","message":"cart product query completed","data":{"cartIds":[56,57],"productRows":2},"timestamp":1776676907123}
{"sessionId":"6a4c11","runId":"initial","hypothesisId":"H4","location":"public\/cart.php:4","message":"cart page session read","data":{"phpSessionId":"br0tjd9d0nus1adlcilag0gd5f","sessionCart":{"56":12,"57":15},"sessionCartCount":2},"timestamp":1776676922790}
{"sessionId":"6a4c11","runId":"initial","hypothesisId":"H5","location":"public\/cart.php:34","message":"cart product query completed","data":{"cartIds":[56,57],"productRows":2},"timestamp":1776676922793}
{"sessionId":"6a4c11","runId":"initial","hypothesisId":"H1","location":"public\/actions\/add-cart.php:4","message":"add-cart endpoint hit","data":{"method":"POST","phpSessionId":"br0tjd9d0nus1adlcilag0gd5f"},"timestamp":1776676926770}
{"sessionId":"6a4c11","runId":"initial","hypothesisId":"H2","location":"public\/actions\/add-cart.php:24","message":"add-cart payload parsed","data":{"productId":57,"quantity":1},"timestamp":1776676926773}
{"sessionId":"6a4c11","runId":"initial","hypothesisId":"H3","location":"public\/actions\/add-cart.php:45","message":"cart updated in session","data":{"phpSessionId":"br0tjd9d0nus1adlcilag0gd5f","sessionCart":{"56":12,"57":16},"totalItems":28},"timestamp":1776676926773}
{"sessionId":"6a4c11","runId":"initial","hypothesisId":"H1","location":"public\/actions\/add-cart.php:4","message":"add-cart endpoint hit","data":{"method":"POST","phpSessionId":"br0tjd9d0nus1adlcilag0gd5f"},"timestamp":1776676993251}
{"sessionId":"6a4c11","runId":"initial","hypothesisId":"H2","location":"public\/actions\/add-cart.php:24","message":"add-cart payload parsed","data":{"productId":57,"quantity":1},"timestamp":1776676993251}
{"sessionId":"6a4c11","runId":"initial","hypothesisId":"H3","location":"public\/actions\/add-cart.php:45","message":"cart updated in session","data":{"phpSessionId":"br0tjd9d0nus1adlcilag0gd5f","sessionCart":{"56":12,"57":17},"totalItems":29},"timestamp":1776676993252}
{"sessionId":"6a4c11","runId":"initial","hypothesisId":"H1","location":"public\/actions\/add-cart.php:4","message":"add-cart endpoint hit","data":{"method":"POST","phpSessionId":"br0tjd9d0nus1adlcilag0gd5f"},"timestamp":1776676995901}
{"sessionId":"6a4c11","runId":"initial","hypothesisId":"H2","location":"public\/actions\/add-cart.php:24","message":"add-cart payload parsed","data":{"productId":57,"quantity":1},"timestamp":1776676995901}
{"sessionId":"6a4c11","runId":"initial","hypothesisId":"H3","location":"public\/actions\/add-cart.php:45","message":"cart updated in session","data":{"phpSessionId":"br0tjd9d0nus1adlcilag0gd5f","sessionCart":{"56":12,"57":18},"totalItems":30},"timestamp":1776676995901}
{"sessionId":"6a4c11","runId":"initial","hypothesisId":"H4","location":"public\/cart.php:4","message":"cart page session read","data":{"phpSessionId":"br0tjd9d0nus1adlcilag0gd5f","sessionCart":{"56":12,"57":18},"sessionCartCount":2},"timestamp":1776676995955}
{"sessionId":"6a4c11","runId":"initial","hypothesisId":"H5","location":"public\/cart.php:34","message":"cart product query completed","data":{"cartIds":[56,57],"productRows":2},"timestamp":1776676995957}
{"sessionId":"6a4c11","runId":"initial","hypothesisId":"H1","location":"public\/actions\/add-cart.php:4","message":"add-cart endpoint hit","data":{"method":"POST","phpSessionId":"br0tjd9d0nus1adlcilag0gd5f"},"timestamp":1776677002365}
{"sessionId":"6a4c11","runId":"initial","hypothesisId":"H2","location":"public\/actions\/add-cart.php:24","message":"add-cart payload parsed","data":{"productId":56,"quantity":1},"timestamp":1776677002366}
{"sessionId":"6a4c11","runId":"initial","hypothesisId":"H3","location":"public\/actions\/add-cart.php:45","message":"cart updated in session","data":{"phpSessionId":"br0tjd9d0nus1adlcilag0gd5f","sessionCart":{"56":13,"57":18},"totalItems":31},"timestamp":1776677002366}
{"sessionId":"6a4c11","runId":"initial","hypothesisId":"H4","location":"public\/cart.php:4","message":"cart page session read","data":{"phpSessionId":"br0tjd9d0nus1adlcilag0gd5f","sessionCart":{"56":13,"57":18},"sessionCartCount":2},"timestamp":1776677002386}
{"sessionId":"6a4c11","runId":"initial","hypothesisId":"H5","location":"public\/cart.php:34","message":"cart product query completed","data":{"cartIds":[56,57],"productRows":2},"timestamp":1776677002387}
{"sessionId":"6a4c11","runId":"initial","hypothesisId":"H1","location":"public\/actions\/add-cart.php:4","message":"add-cart endpoint hit","data":{"method":"POST","phpSessionId":"br0tjd9d0nus1adlcilag0gd5f"},"timestamp":1776677007802}
{"sessionId":"6a4c11","runId":"initial","hypothesisId":"H2","location":"public\/actions\/add-cart.php:24","message":"add-cart payload parsed","data":{"productId":57,"quantity":1},"timestamp":1776677007802}
{"sessionId":"6a4c11","runId":"initial","hypothesisId":"H3","location":"public\/actions\/add-cart.php:45","message":"cart updated in session","data":{"phpSessionId":"br0tjd9d0nus1adlcilag0gd5f","sessionCart":{"56":13,"57":19},"totalItems":32},"timestamp":1776677007802}
{"sessionId":"6a4c11","runId":"initial","hypothesisId":"H1","location":"public\/actions\/add-cart.php:4","message":"add-cart endpoint hit","data":{"method":"POST","phpSessionId":"br0tjd9d0nus1adlcilag0gd5f"},"timestamp":1776677010631}
{"sessionId":"6a4c11","runId":"initial","hypothesisId":"H2","location":"public\/actions\/add-cart.php:24","message":"add-cart payload parsed","data":{"productId":57,"quantity":1},"timestamp":1776677010632}
{"sessionId":"6a4c11","runId":"initial","hypothesisId":"H3","location":"public\/actions\/add-cart.php:45","message":"cart updated in session","data":{"phpSessionId":"br0tjd9d0nus1adlcilag0gd5f","sessionCart":{"56":13,"57":20},"totalItems":33},"timestamp":1776677010632}
{"sessionId":"6a4c11","runId":"initial","hypothesisId":"H1","location":"public\/actions\/add-cart.php:4","message":"add-cart endpoint hit","data":{"method":"POST","phpSessionId":"br0tjd9d0nus1adlcilag0gd5f"},"timestamp":1776677012837}
{"sessionId":"6a4c11","runId":"initial","hypothesisId":"H2","location":"public\/actions\/add-cart.php:24","message":"add-cart payload parsed","data":{"productId":57,"quantity":1},"timestamp":1776677012837}
{"sessionId":"6a4c11","runId":"initial","hypothesisId":"H3","location":"public\/actions\/add-cart.php:45","message":"cart updated in session","data":{"phpSessionId":"br0tjd9d0nus1adlcilag0gd5f","sessionCart":{"56":13,"57":21},"totalItems":34},"timestamp":1776677012838}
{"sessionId":"6a4c11","runId":"initial","hypothesisId":"H1","location":"public\/actions\/add-cart.php:4","message":"add-cart endpoint hit","data":{"method":"POST","phpSessionId":"br0tjd9d0nus1adlcilag0gd5f"},"timestamp":1776677019535}
{"sessionId":"6a4c11","runId":"initial","hypothesisId":"H2","location":"public\/actions\/add-cart.php:24","message":"add-cart payload parsed","data":{"productId":57,"quantity":1},"timestamp":1776677019535}
{"sessionId":"6a4c11","runId":"initial","hypothesisId":"H3","location":"public\/actions\/add-cart.php:45","message":"cart updated in session","data":{"phpSessionId":"br0tjd9d0nus1adlcilag0gd5f","sessionCart":{"56":13,"57":22},"totalItems":35},"timestamp":1776677019535}
{"sessionId":"6a4c11","runId":"initial","hypothesisId":"H1","location":"public\/actions\/add-cart.php:4","message":"add-cart endpoint hit","data":{"method":"POST","phpSessionId":"br0tjd9d0nus1adlcilag0gd5f"},"timestamp":1776677625155}
{"sessionId":"6a4c11","runId":"initial","hypothesisId":"H2","location":"public\/actions\/add-cart.php:24","message":"add-cart payload parsed","data":{"productId":56,"quantity":1},"timestamp":1776677625157}
{"sessionId":"6a4c11","runId":"initial","hypothesisId":"H3","location":"public\/actions\/add-cart.php:45","message":"cart updated in session","data":{"phpSessionId":"br0tjd9d0nus1adlcilag0gd5f","sessionCart":{"56":14,"57":22},"totalItems":36},"timestamp":1776677625157}
{"sessionId":"6a4c11","runId":"initial","hypothesisId":"H1","location":"public\/actions\/add-cart.php:4","message":"add-cart endpoint hit","data":{"method":"POST","phpSessionId":"br0tjd9d0nus1adlcilag0gd5f"},"timestamp":1776677626931}
{"sessionId":"6a4c11","runId":"initial","hypothesisId":"H2","location":"public\/actions\/add-cart.php:24","message":"add-cart payload parsed","data":{"productId":56,"quantity":1},"timestamp":1776677626931}
{"sessionId":"6a4c11","runId":"initial","hypothesisId":"H3","location":"public\/actions\/add-cart.php:45","message":"cart updated in session","data":{"phpSessionId":"br0tjd9d0nus1adlcilag0gd5f","sessionCart":{"56":15,"57":22},"totalItems":37},"timestamp":1776677626932}
{"sessionId":"6a4c11","runId":"initial","hypothesisId":"H4","location":"public\/cart.php:4","message":"cart page session read","data":{"phpSessionId":"br0tjd9d0nus1adlcilag0gd5f","sessionCart":{"56":15,"57":22},"sessionCartCount":2},"timestamp":1776677626963}
{"sessionId":"6a4c11","runId":"initial","hypothesisId":"H5","location":"public\/cart.php:34","message":"cart product query completed","data":{"cartIds":[56,57],"productRows":2},"timestamp":1776677626964}
{"sessionId":"6a4c11","runId":"initial","hypothesisId":"H1","location":"public\/actions\/add-cart.php:4","message":"add-cart endpoint hit","data":{"method":"POST","phpSessionId":"br0tjd9d0nus1adlcilag0gd5f"},"timestamp":1776677632126}
{"sessionId":"6a4c11","runId":"initial","hypothesisId":"H2","location":"public\/actions\/add-cart.php:24","message":"add-cart payload parsed","data":{"productId":51,"quantity":1},"timestamp":1776677632126}
{"sessionId":"6a4c11","runId":"initial","hypothesisId":"H3","location":"public\/actions\/add-cart.php:45","message":"cart updated in session","data":{"phpSessionId":"br0tjd9d0nus1adlcilag0gd5f","sessionCart":{"56":15,"57":22,"51":1},"totalItems":38},"timestamp":1776677632126}
{"sessionId":"6a4c11","runId":"initial","hypothesisId":"H4","location":"public\/cart.php:4","message":"cart page session read","data":{"phpSessionId":"br0tjd9d0nus1adlcilag0gd5f","sessionCart":{"56":15,"57":22,"51":1},"sessionCartCount":3},"timestamp":1776677632152}
{"sessionId":"6a4c11","runId":"initial","hypothesisId":"H5","location":"public\/cart.php:34","message":"cart product query completed","data":{"cartIds":[56,57,51],"productRows":3},"timestamp":1776677632154}
{"sessionId":"6a4c11","runId":"initial","hypothesisId":"H1","location":"public\/actions\/add-cart.php:4","message":"add-cart endpoint hit","data":{"method":"POST","phpSessionId":"br0tjd9d0nus1adlcilag0gd5f"},"timestamp":1776677636785}
{"sessionId":"6a4c11","runId":"initial","hypothesisId":"H2","location":"public\/actions\/add-cart.php:24","message":"add-cart payload parsed","data":{"productId":56,"quantity":1},"timestamp":1776677636785}
{"sessionId":"6a4c11","runId":"initial","hypothesisId":"H3","location":"public\/actions\/add-cart.php:45","message":"cart updated in session","data":{"phpSessionId":"br0tjd9d0nus1adlcilag0gd5f","sessionCart":{"56":16,"57":22,"51":1},"totalItems":39},"timestamp":1776677636785}
{"sessionId":"6a4c11","runId":"initial","hypothesisId":"H1","location":"public\/actions\/add-cart.php:4","message":"add-cart endpoint hit","data":{"method":"POST","phpSessionId":"br0tjd9d0nus1adlcilag0gd5f"},"timestamp":1776677637796}
{"sessionId":"6a4c11","runId":"initial","hypothesisId":"H2","location":"public\/actions\/add-cart.php:24","message":"add-cart payload parsed","data":{"productId":55,"quantity":1},"timestamp":1776677637796}
{"sessionId":"6a4c11","runId":"initial","hypothesisId":"H3","location":"public\/actions\/add-cart.php:45","message":"cart updated in session","data":{"phpSessionId":"br0tjd9d0nus1adlcilag0gd5f","sessionCart":{"56":16,"57":22,"51":1,"55":1},"totalItems":40},"timestamp":1776677637797}
{"sessionId":"6a4c11","runId":"initial","hypothesisId":"H1","location":"public\/actions\/add-cart.php:4","message":"add-cart endpoint hit","data":{"method":"POST","phpSessionId":"br0tjd9d0nus1adlcilag0gd5f"},"timestamp":1776677639515}
{"sessionId":"6a4c11","runId":"initial","hypothesisId":"H2","location":"public\/actions\/add-cart.php:24","message":"add-cart payload parsed","data":{"productId":54,"quantity":1},"timestamp":1776677639515}
{"sessionId":"6a4c11","runId":"initial","hypothesisId":"H3","location":"public\/actions\/add-cart.php:45","message":"cart updated in session","data":{"phpSessionId":"br0tjd9d0nus1adlcilag0gd5f","sessionCart":{"56":16,"57":22,"51":1,"55":1,"54":1},"totalItems":41},"timestamp":1776677639516}
{"sessionId":"6a4c11","runId":"initial","hypothesisId":"H1","location":"public\/actions\/add-cart.php:4","message":"add-cart endpoint hit","data":{"method":"POST","phpSessionId":"br0tjd9d0nus1adlcilag0gd5f"},"timestamp":1776677640679}
{"sessionId":"6a4c11","runId":"initial","hypothesisId":"H2","location":"public\/actions\/add-cart.php:24","message":"add-cart payload parsed","data":{"productId":50,"quantity":1},"timestamp":1776677640680}
{"sessionId":"6a4c11","runId":"initial","hypothesisId":"H3","location":"public\/actions\/add-cart.php:45","message":"cart updated in session","data":{"phpSessionId":"br0tjd9d0nus1adlcilag0gd5f","sessionCart":{"56":16,"57":22,"51":1,"55":1,"54":1,"50":1},"totalItems":42},"timestamp":1776677640680}
{"sessionId":"6a4c11","runId":"initial","hypothesisId":"H4","location":"public\/cart.php:4","message":"cart page session read","data":{"phpSessionId":"br0tjd9d0nus1adlcilag0gd5f","sessionCart":{"56":16,"57":22,"51":1,"55":1,"54":1,"50":1},"sessionCartCount":6},"timestamp":1776677644702}
{"sessionId":"6a4c11","runId":"initial","hypothesisId":"H5","location":"public\/cart.php:34","message":"cart product query completed","data":{"cartIds":[56,57,51,55,54,50],"productRows":6},"timestamp":1776677644705}
{"sessionId":"6a4c11","runId":"initial","hypothesisId":"H1","location":"public\/actions\/add-cart.php:4","message":"add-cart endpoint hit","data":{"method":"POST","phpSessionId":"br0tjd9d0nus1adlcilag0gd5f"},"timestamp":1776677659709}
{"sessionId":"6a4c11","runId":"initial","hypothesisId":"H2","location":"public\/actions\/add-cart.php:24","message":"add-cart payload parsed","data":{"productId":57,"quantity":1},"timestamp":1776677659709}
{"sessionId":"6a4c11","runId":"initial","hypothesisId":"H3","location":"public\/actions\/add-cart.php:45","message":"cart updated in session","data":{"phpSessionId":"br0tjd9d0nus1adlcilag0gd5f","sessionCart":{"51":1,"54":1,"50":1,"57":1},"totalItems":4},"timestamp":1776677659709}
{"sessionId":"6a4c11","runId":"initial","hypothesisId":"H1","location":"public\/actions\/add-cart.php:4","message":"add-cart endpoint hit","data":{"method":"POST","phpSessionId":"br0tjd9d0nus1adlcilag0gd5f"},"timestamp":1776677660715}
{"sessionId":"6a4c11","runId":"initial","hypothesisId":"H2","location":"public\/actions\/add-cart.php:24","message":"add-cart payload parsed","data":{"productId":57,"quantity":1},"timestamp":1776677660715}
{"sessionId":"6a4c11","runId":"initial","hypothesisId":"H3","location":"public\/actions\/add-cart.php:45","message":"cart updated in session","data":{"phpSessionId":"br0tjd9d0nus1adlcilag0gd5f","sessionCart":{"51":1,"54":1,"50":1,"57":2},"totalItems":5},"timestamp":1776677660716}
{"sessionId":"6a4c11","runId":"initial","hypothesisId":"H4","location":"public\/cart.php:4","message":"cart page session read","data":{"phpSessionId":"br0tjd9d0nus1adlcilag0gd5f","sessionCart":{"51":1,"54":1,"50":1,"57":2},"sessionCartCount":4},"timestamp":1776677660748}
{"sessionId":"6a4c11","runId":"initial","hypothesisId":"H5","location":"public\/cart.php:34","message":"cart product query completed","data":{"cartIds":[51,54,50,57],"productRows":4},"timestamp":1776677660750}
{"sessionId":"6a4c11","runId":"initial","hypothesisId":"H1","location":"public\/actions\/add-cart.php:4","message":"add-cart endpoint hit","data":{"method":"POST","phpSessionId":"br0tjd9d0nus1adlcilag0gd5f"},"timestamp":1776677671954}
{"sessionId":"6a4c11","runId":"initial","hypothesisId":"H2","location":"public\/actions\/add-cart.php:24","message":"add-cart payload parsed","data":{"productId":51,"quantity":1},"timestamp":1776677671954}
{"sessionId":"6a4c11","runId":"initial","hypothesisId":"H3","location":"public\/actions\/add-cart.php:45","message":"cart updated in session","data":{"phpSessionId":"br0tjd9d0nus1adlcilag0gd5f","sessionCart":{"51":2,"54":1,"50":1,"57":2},"totalItems":6},"timestamp":1776677671955}
{"sessionId":"6a4c11","runId":"initial","hypothesisId":"H4","location":"public\/cart.php:4","message":"cart page session read","data":{"phpSessionId":"br0tjd9d0nus1adlcilag0gd5f","sessionCart":{"51":2,"54":1,"50":1,"57":2},"sessionCartCount":4},"timestamp":1776677671974}
{"sessionId":"6a4c11","runId":"initial","hypothesisId":"H5","location":"public\/cart.php:34","message":"cart product query completed","data":{"cartIds":[51,54,50,57],"productRows":4},"timestamp":1776677671977}
{"sessionId":"6a4c11","runId":"initial","hypothesisId":"H1","location":"public\/actions\/add-cart.php:4","message":"add-cart endpoint hit","data":{"method":"POST","phpSessionId":"br0tjd9d0nus1adlcilag0gd5f"},"timestamp":1776677674908}
{"sessionId":"6a4c11","runId":"initial","hypothesisId":"H2","location":"public\/actions\/add-cart.php:24","message":"add-cart payload parsed","data":{"productId":52,"quantity":1},"timestamp":1776677674909}
{"sessionId":"6a4c11","runId":"initial","hypothesisId":"H3","location":"public\/actions\/add-cart.php:45","message":"cart updated in session","data":{"phpSessionId":"br0tjd9d0nus1adlcilag0gd5f","sessionCart":{"51":2,"54":1,"50":1,"57":2,"52":1},"totalItems":7},"timestamp":1776677674909}
{"sessionId":"6a4c11","runId":"initial","hypothesisId":"H1","location":"public\/actions\/add-cart.php:4","message":"add-cart endpoint hit","data":{"method":"POST","phpSessionId":"br0tjd9d0nus1adlcilag0gd5f"},"timestamp":1776677675734}
{"sessionId":"6a4c11","runId":"initial","hypothesisId":"H2","location":"public\/actions\/add-cart.php:24","message":"add-cart payload parsed","data":{"productId":51,"quantity":1},"timestamp":1776677675735}
{"sessionId":"6a4c11","runId":"initial","hypothesisId":"H3","location":"public\/actions\/add-cart.php:45","message":"cart updated in session","data":{"phpSessionId":"br0tjd9d0nus1adlcilag0gd5f","sessionCart":{"51":3,"54":1,"50":1,"57":2,"52":1},"totalItems":8},"timestamp":1776677675735}
{"sessionId":"6a4c11","runId":"initial","hypothesisId":"H1","location":"public\/actions\/add-cart.php:4","message":"add-cart endpoint hit","data":{"method":"POST","phpSessionId":"br0tjd9d0nus1adlcilag0gd5f"},"timestamp":1776677676645}
{"sessionId":"6a4c11","runId":"initial","hypothesisId":"H2","location":"public\/actions\/add-cart.php:24","message":"add-cart payload parsed","data":{"productId":50,"quantity":1},"timestamp":1776677676646}
{"sessionId":"6a4c11","runId":"initial","hypothesisId":"H3","location":"public\/actions\/add-cart.php:45","message":"cart updated in session","data":{"phpSessionId":"br0tjd9d0nus1adlcilag0gd5f","sessionCart":{"51":3,"54":1,"50":2,"57":2,"52":1},"totalItems":9},"timestamp":1776677676646}
{"sessionId":"6a4c11","runId":"initial","hypothesisId":"H4","location":"public\/cart.php:4","message":"cart page session read","data":{"phpSessionId":"gdhd6vfp83e5mofv42163njpch","sessionCart":[],"sessionCartCount":0},"timestamp":1776694253325}
{"sessionId":"6a4c11","runId":"initial","hypothesisId":"H1","location":"public\/actions\/add-cart.php:4","message":"add-cart endpoint hit","data":{"method":"POST","phpSessionId":"gdhd6vfp83e5mofv42163njpch"},"timestamp":1776694737632}
{"sessionId":"6a4c11","runId":"initial","hypothesisId":"H2","location":"public\/actions\/add-cart.php:24","message":"add-cart payload parsed","data":{"productId":57,"quantity":1},"timestamp":1776694737633}
{"sessionId":"6a4c11","runId":"initial","hypothesisId":"H3","location":"public\/actions\/add-cart.php:45","message":"cart updated in session","data":{"phpSessionId":"gdhd6vfp83e5mofv42163njpch","sessionCart":{"57":1},"totalItems":1},"timestamp":1776694737633}
{"sessionId":"6a4c11","runId":"initial","hypothesisId":"H1","location":"public\/actions\/add-cart.php:4","message":"add-cart endpoint hit","data":{"method":"POST","phpSessionId":"gdhd6vfp83e5mofv42163njpch"},"timestamp":1776694740705}
{"sessionId":"6a4c11","runId":"initial","hypothesisId":"H2","location":"public\/actions\/add-cart.php:24","message":"add-cart payload parsed","data":{"productId":56,"quantity":1},"timestamp":1776694740705}
{"sessionId":"6a4c11","runId":"initial","hypothesisId":"H3","location":"public\/actions\/add-cart.php:45","message":"cart updated in session","data":{"phpSessionId":"gdhd6vfp83e5mofv42163njpch","sessionCart":{"57":1,"56":1},"totalItems":2},"timestamp":1776694740705}
{"sessionId":"6a4c11","runId":"initial","hypothesisId":"H4","location":"public\/cart.php:4","message":"cart page session read","data":{"phpSessionId":"gdhd6vfp83e5mofv42163njpch","sessionCart":{"57":1,"56":1},"sessionCartCount":2},"timestamp":1776694743754}
{"sessionId":"6a4c11","runId":"initial","hypothesisId":"H5","location":"public\/cart.php:34","message":"cart product query completed","data":{"cartIds":[57,56],"productRows":2},"timestamp":1776694743757}
{"sessionId":"6a4c11","runId":"initial","hypothesisId":"H1","location":"public\/actions\/add-cart.php:4","message":"add-cart endpoint hit","data":{"method":"POST","phpSessionId":"gdhd6vfp83e5mofv42163njpch"},"timestamp":1776694790324}
{"sessionId":"6a4c11","runId":"initial","hypothesisId":"H2","location":"public\/actions\/add-cart.php:24","message":"add-cart payload parsed","data":{"productId":57,"quantity":1},"timestamp":1776694790325}
{"sessionId":"6a4c11","runId":"initial","hypothesisId":"H3","location":"public\/actions\/add-cart.php:45","message":"cart updated in session","data":{"phpSessionId":"gdhd6vfp83e5mofv42163njpch","sessionCart":{"57":1},"totalItems":1},"timestamp":1776694790325}
{"sessionId":"6a4c11","runId":"initial","hypothesisId":"H1","location":"public\/actions\/add-cart.php:4","message":"add-cart endpoint hit","data":{"method":"POST","phpSessionId":"gdhd6vfp83e5mofv42163njpch"},"timestamp":1776694848344}
{"sessionId":"6a4c11","runId":"initial","hypothesisId":"H2","location":"public\/actions\/add-cart.php:24","message":"add-cart payload parsed","data":{"productId":55,"quantity":3},"timestamp":1776694848346}
{"sessionId":"6a4c11","runId":"initial","hypothesisId":"H3","location":"public\/actions\/add-cart.php:45","message":"cart updated in session","data":{"phpSessionId":"gdhd6vfp83e5mofv42163njpch","sessionCart":{"57":1,"55":3},"totalItems":4},"timestamp":1776694848347}
{"sessionId":"6a4c11","runId":"initial","hypothesisId":"H4","location":"public\/cart.php:4","message":"cart page session read","data":{"phpSessionId":"gdhd6vfp83e5mofv42163njpch","sessionCart":{"57":1,"55":3},"sessionCartCount":2},"timestamp":1776694848397}
{"sessionId":"6a4c11","runId":"initial","hypothesisId":"H5","location":"public\/cart.php:34","message":"cart product query completed","data":{"cartIds":[57,55],"productRows":2},"timestamp":1776694848398}
{"sessionId":"6a4c11","runId":"initial","hypothesisId":"H1","location":"public\/actions\/add-cart.php:4","message":"add-cart endpoint hit","data":{"method":"POST","phpSessionId":"gdhd6vfp83e5mofv42163njpch"},"timestamp":1776694853888}
{"sessionId":"6a4c11","runId":"initial","hypothesisId":"H2","location":"public\/actions\/add-cart.php:24","message":"add-cart payload parsed","data":{"productId":55,"quantity":3},"timestamp":1776694853889}
{"sessionId":"6a4c11","runId":"initial","hypothesisId":"H3","location":"public\/actions\/add-cart.php:45","message":"cart updated in session","data":{"phpSessionId":"gdhd6vfp83e5mofv42163njpch","sessionCart":{"57":1,"55":6},"totalItems":7},"timestamp":1776694853891}
{"sessionId":"6a4c11","runId":"initial","hypothesisId":"H1","location":"public\/actions\/add-cart.php:4","message":"add-cart endpoint hit","data":{"method":"POST","phpSessionId":"gdhd6vfp83e5mofv42163njpch"},"timestamp":1776694994869}
{"sessionId":"6a4c11","runId":"initial","hypothesisId":"H2","location":"public\/actions\/add-cart.php:24","message":"add-cart payload parsed","data":{"productId":55,"quantity":3},"timestamp":1776694994870}
{"sessionId":"6a4c11","runId":"initial","hypothesisId":"H3","location":"public\/actions\/add-cart.php:45","message":"cart updated in session","data":{"phpSessionId":"gdhd6vfp83e5mofv42163njpch","sessionCart":{"57":1,"55":9},"totalItems":10},"timestamp":1776694994870}
{"sessionId":"6a4c11","runId":"initial","hypothesisId":"H1","location":"public\/actions\/add-cart.php:4","message":"add-cart endpoint hit","data":{"method":"POST","phpSessionId":"gdhd6vfp83e5mofv42163njpch"},"timestamp":1776695001142}
{"sessionId":"6a4c11","runId":"initial","hypothesisId":"H2","location":"public\/actions\/add-cart.php:24","message":"add-cart payload parsed","data":{"productId":55,"quantity":1},"timestamp":1776695001143}
{"sessionId":"6a4c11","runId":"initial","hypothesisId":"H3","location":"public\/actions\/add-cart.php:45","message":"cart updated in session","data":{"phpSessionId":"gdhd6vfp83e5mofv42163njpch","sessionCart":{"57":1,"55":10},"totalItems":11},"timestamp":1776695001143}
{"sessionId":"6a4c11","runId":"initial","hypothesisId":"H1","location":"public\/actions\/add-cart.php:4","message":"add-cart endpoint hit","data":{"method":"POST","phpSessionId":"gdhd6vfp83e5mofv42163njpch"},"timestamp":1776695003927}
{"sessionId":"6a4c11","runId":"initial","hypothesisId":"H2","location":"public\/actions\/add-cart.php:24","message":"add-cart payload parsed","data":{"productId":55,"quantity":3},"timestamp":1776695003928}
{"sessionId":"6a4c11","runId":"initial","hypothesisId":"H3","location":"public\/actions\/add-cart.php:45","message":"cart updated in session","data":{"phpSessionId":"gdhd6vfp83e5mofv42163njpch","sessionCart":{"57":1,"55":13},"totalItems":14},"timestamp":1776695003928}
{"sessionId":"6a4c11","runId":"initial","hypothesisId":"H1","location":"public\/actions\/add-cart.php:4","message":"add-cart endpoint hit","data":{"method":"POST","phpSessionId":"gdhd6vfp83e5mofv42163njpch"},"timestamp":1776695008042}
{"sessionId":"6a4c11","runId":"initial","hypothesisId":"H2","location":"public\/actions\/add-cart.php:24","message":"add-cart payload parsed","data":{"productId":55,"quantity":1},"timestamp":1776695008042}
{"sessionId":"6a4c11","runId":"initial","hypothesisId":"H3","location":"public\/actions\/add-cart.php:45","message":"cart updated in session","data":{"phpSessionId":"gdhd6vfp83e5mofv42163njpch","sessionCart":{"57":1,"55":14},"totalItems":15},"timestamp":1776695008042}
{"sessionId":"6a4c11","runId":"initial","hypothesisId":"H1","location":"public\/actions\/add-cart.php:4","message":"add-cart endpoint hit","data":{"method":"POST","phpSessionId":"gdhd6vfp83e5mofv42163njpch"},"timestamp":1776695010252}
{"sessionId":"6a4c11","runId":"initial","hypothesisId":"H2","location":"public\/actions\/add-cart.php:24","message":"add-cart payload parsed","data":{"productId":55,"quantity":2},"timestamp":1776695010253}
{"sessionId":"6a4c11","runId":"initial","hypothesisId":"H3","location":"public\/actions\/add-cart.php:45","message":"cart updated in session","data":{"phpSessionId":"gdhd6vfp83e5mofv42163njpch","sessionCart":{"57":1,"55":16},"totalItems":17},"timestamp":1776695010253}
{"sessionId":"6a4c11","runId":"initial","hypothesisId":"H1","location":"public\/actions\/add-cart.php:4","message":"add-cart endpoint hit","data":{"method":"POST","phpSessionId":"gdhd6vfp83e5mofv42163njpch"},"timestamp":1776695013225}
{"sessionId":"6a4c11","runId":"initial","hypothesisId":"H2","location":"public\/actions\/add-cart.php:24","message":"add-cart payload parsed","data":{"productId":55,"quantity":7},"timestamp":1776695013226}
{"sessionId":"6a4c11","runId":"initial","hypothesisId":"H3","location":"public\/actions\/add-cart.php:45","message":"cart updated in session","data":{"phpSessionId":"gdhd6vfp83e5mofv42163njpch","sessionCart":{"57":1,"55":23},"totalItems":24},"timestamp":1776695013226}
{"sessionId":"6a4c11","runId":"initial","hypothesisId":"H4","location":"public\/cart.php:4","message":"cart page session read","data":{"phpSessionId":"gdhd6vfp83e5mofv42163njpch","sessionCart":{"57":1,"55":23},"sessionCartCount":2},"timestamp":1776696503892}
{"sessionId":"6a4c11","runId":"initial","hypothesisId":"H5","location":"public\/cart.php:34","message":"cart product query completed","data":{"cartIds":[57,55],"productRows":2},"timestamp":1776696503895}
{"sessionId":"6a4c11","runId":"initial","hypothesisId":"H1","location":"public\/actions\/add-cart.php:4","message":"add-cart endpoint hit","data":{"method":"POST","phpSessionId":"gdhd6vfp83e5mofv42163njpch"},"timestamp":1776696673272}
{"sessionId":"6a4c11","runId":"initial","hypothesisId":"H2","location":"public\/actions\/add-cart.php:24","message":"add-cart payload parsed","data":{"productId":57,"quantity":1},"timestamp":1776696673278}
{"sessionId":"6a4c11","runId":"initial","hypothesisId":"H3","location":"public\/actions\/add-cart.php:45","message":"cart updated in session","data":{"phpSessionId":"gdhd6vfp83e5mofv42163njpch","sessionCart":{"57":1},"totalItems":1},"timestamp":1776696673278}
{"sessionId":"6a4c11","runId":"initial","hypothesisId":"H1","location":"public\/actions\/add-cart.php:4","message":"add-cart endpoint hit","data":{"method":"POST","phpSessionId":"gdhd6vfp83e5mofv42163njpch"},"timestamp":1776696675949}
{"sessionId":"6a4c11","runId":"initial","hypothesisId":"H2","location":"public\/actions\/add-cart.php:24","message":"add-cart payload parsed","data":{"productId":57,"quantity":1},"timestamp":1776696675949}
{"sessionId":"6a4c11","runId":"initial","hypothesisId":"H3","location":"public\/actions\/add-cart.php:45","message":"cart updated in session","data":{"phpSessionId":"gdhd6vfp83e5mofv42163njpch","sessionCart":{"57":2},"totalItems":2},"timestamp":1776696675950}
{"sessionId":"6a4c11","runId":"initial","hypothesisId":"H4","location":"public\/cart.php:4","message":"cart page session read","data":{"phpSessionId":"gdhd6vfp83e5mofv42163njpch","sessionCart":{"57":2},"sessionCartCount":1},"timestamp":1776696676009}
{"sessionId":"6a4c11","runId":"initial","hypothesisId":"H5","location":"public\/cart.php:34","message":"cart product query completed","data":{"cartIds":[57],"productRows":1},"timestamp":1776696676010}
{"sessionId":"6a4c11","runId":"initial","hypothesisId":"H1","location":"public\/actions\/add-cart.php:4","message":"add-cart endpoint hit","data":{"method":"POST","phpSessionId":"gdhd6vfp83e5mofv42163njpch"},"timestamp":1776696680338}
{"sessionId":"6a4c11","runId":"initial","hypothesisId":"H2","location":"public\/actions\/add-cart.php:24","message":"add-cart payload parsed","data":{"productId":57,"quantity":1},"timestamp":1776696680338}
{"sessionId":"6a4c11","runId":"initial","hypothesisId":"H3","location":"public\/actions\/add-cart.php:45","message":"cart updated in session","data":{"phpSessionId":"gdhd6vfp83e5mofv42163njpch","sessionCart":{"57":3},"totalItems":3},"timestamp":1776696680338}
{"sessionId":"6a4c11","runId":"initial","hypothesisId":"H4","location":"public\/cart.php:4","message":"cart page session read","data":{"phpSessionId":"gdhd6vfp83e5mofv42163njpch","sessionCart":{"57":3},"sessionCartCount":1},"timestamp":1776696680379}
{"sessionId":"6a4c11","runId":"initial","hypothesisId":"H5","location":"public\/cart.php:34","message":"cart product query completed","data":{"cartIds":[57],"productRows":1},"timestamp":1776696680385}
{"sessionId":"6a4c11","runId":"initial","hypothesisId":"H1","location":"public\/actions\/add-cart.php:4","message":"add-cart endpoint hit","data":{"method":"POST","phpSessionId":"gdhd6vfp83e5mofv42163njpch"},"timestamp":1776697137133}
{"sessionId":"6a4c11","runId":"initial","hypothesisId":"H2","location":"public\/actions\/add-cart.php:24","message":"add-cart payload parsed","data":{"productId":57,"quantity":3},"timestamp":1776697137135}
{"sessionId":"6a4c11","runId":"initial","hypothesisId":"H3","location":"public\/actions\/add-cart.php:45","message":"cart updated in session","data":{"phpSessionId":"gdhd6vfp83e5mofv42163njpch","sessionCart":{"57":6},"totalItems":6},"timestamp":1776697137135}
{"sessionId":"6a4c11","runId":"initial","hypothesisId":"H1","location":"public\/actions\/add-cart.php:4","message":"add-cart endpoint hit","data":{"method":"POST","phpSessionId":"gdhd6vfp83e5mofv42163njpch"},"timestamp":1776697138316}
{"sessionId":"6a4c11","runId":"initial","hypothesisId":"H2","location":"public\/actions\/add-cart.php:24","message":"add-cart payload parsed","data":{"productId":57,"quantity":3},"timestamp":1776697138316}
{"sessionId":"6a4c11","runId":"initial","hypothesisId":"H3","location":"public\/actions\/add-cart.php:45","message":"cart updated in session","data":{"phpSessionId":"gdhd6vfp83e5mofv42163njpch","sessionCart":{"57":9},"totalItems":9},"timestamp":1776697138317}
{"sessionId":"6a4c11","runId":"initial","hypothesisId":"H4","location":"public\/cart.php:4","message":"cart page session read","data":{"phpSessionId":"gdhd6vfp83e5mofv42163njpch","sessionCart":{"57":9},"sessionCartCount":1},"timestamp":1776697138355}
{"sessionId":"6a4c11","runId":"initial","hypothesisId":"H5","location":"public\/cart.php:34","message":"cart product query completed","data":{"cartIds":[57],"productRows":1},"timestamp":1776697138360}
{"sessionId":"6a4c11","runId":"initial","hypothesisId":"H1","location":"public\/actions\/add-cart.php:4","message":"add-cart endpoint hit","data":{"method":"POST","phpSessionId":"gdhd6vfp83e5mofv42163njpch"},"timestamp":1776698279256}
{"sessionId":"6a4c11","runId":"initial","hypothesisId":"H2","location":"public\/actions\/add-cart.php:24","message":"add-cart payload parsed","data":{"productId":44,"quantity":6},"timestamp":1776698279261}
{"sessionId":"6a4c11","runId":"initial","hypothesisId":"H3","location":"public\/actions\/add-cart.php:45","message":"cart updated in session","data":{"phpSessionId":"gdhd6vfp83e5mofv42163njpch","sessionCart":{"57":9,"44":6},"totalItems":15},"timestamp":1776698279263}
{"sessionId":"6a4c11","runId":"initial","hypothesisId":"H1","location":"public\/actions\/add-cart.php:4","message":"add-cart endpoint hit","data":{"method":"POST","phpSessionId":"gdhd6vfp83e5mofv42163njpch"},"timestamp":1776698284077}
{"sessionId":"6a4c11","runId":"initial","hypothesisId":"H2","location":"public\/actions\/add-cart.php:24","message":"add-cart payload parsed","data":{"productId":44,"quantity":4},"timestamp":1776698284078}
{"sessionId":"6a4c11","runId":"initial","hypothesisId":"H3","location":"public\/actions\/add-cart.php:45","message":"cart updated in session","data":{"phpSessionId":"gdhd6vfp83e5mofv42163njpch","sessionCart":{"57":9,"44":10},"totalItems":19},"timestamp":1776698284091}
{"sessionId":"6a4c11","runId":"initial","hypothesisId":"H4","location":"public\/cart.php:4","message":"cart page session read","data":{"phpSessionId":"gdhd6vfp83e5mofv42163njpch","sessionCart":{"57":9,"44":10},"sessionCartCount":2},"timestamp":1776698284137}
{"sessionId":"6a4c11","runId":"initial","hypothesisId":"H5","location":"public\/cart.php:34","message":"cart product query completed","data":{"cartIds":[57,44],"productRows":2},"timestamp":1776698284143}
{"sessionId":"6a4c11","runId":"initial","hypothesisId":"H1","location":"public\/actions\/add-cart.php:4","message":"add-cart endpoint hit","data":{"method":"POST","phpSessionId":"gdhd6vfp83e5mofv42163njpch"},"timestamp":1776698289583}
{"sessionId":"6a4c11","runId":"initial","hypothesisId":"H2","location":"public\/actions\/add-cart.php:24","message":"add-cart payload parsed","data":{"productId":44,"quantity":4},"timestamp":1776698289583}
{"sessionId":"6a4c11","runId":"initial","hypothesisId":"H3","location":"public\/actions\/add-cart.php:45","message":"cart updated in session","data":{"phpSessionId":"gdhd6vfp83e5mofv42163njpch","sessionCart":{"57":9,"44":14},"totalItems":23},"timestamp":1776698289584}
{"sessionId":"6a4c11","runId":"initial","hypothesisId":"H1","location":"public\/actions\/add-cart.php:4","message":"add-cart endpoint hit","data":{"method":"POST","phpSessionId":"gdhd6vfp83e5mofv42163njpch"},"timestamp":1776698292922}
{"sessionId":"6a4c11","runId":"initial","hypothesisId":"H2","location":"public\/actions\/add-cart.php:24","message":"add-cart payload parsed","data":{"productId":44,"quantity":1},"timestamp":1776698292922}
{"sessionId":"6a4c11","runId":"initial","hypothesisId":"H3","location":"public\/actions\/add-cart.php:45","message":"cart updated in session","data":{"phpSessionId":"gdhd6vfp83e5mofv42163njpch","sessionCart":{"57":9,"44":15},"totalItems":24},"timestamp":1776698292922}
{"sessionId":"6a4c11","runId":"initial","hypothesisId":"H1","location":"public\/actions\/add-cart.php:4","message":"add-cart endpoint hit","data":{"method":"POST","phpSessionId":"gdhd6vfp83e5mofv42163njpch"},"timestamp":1776698294133}
{"sessionId":"6a4c11","runId":"initial","hypothesisId":"H2","location":"public\/actions\/add-cart.php:24","message":"add-cart payload parsed","data":{"productId":44,"quantity":1},"timestamp":1776698294133}
{"sessionId":"6a4c11","runId":"initial","hypothesisId":"H3","location":"public\/actions\/add-cart.php:45","message":"cart updated in session","data":{"phpSessionId":"gdhd6vfp83e5mofv42163njpch","sessionCart":{"57":9,"44":16},"totalItems":25},"timestamp":1776698294133}
{"sessionId":"6a4c11","runId":"initial","hypothesisId":"H1","location":"public\/actions\/add-cart.php:4","message":"add-cart endpoint hit","data":{"method":"POST","phpSessionId":"l19kna6h9r9ghem56br8q9dmc4"},"timestamp":1776732906070}
{"sessionId":"6a4c11","runId":"initial","hypothesisId":"H2","location":"public\/actions\/add-cart.php:24","message":"add-cart payload parsed","data":{"productId":55,"quantity":1},"timestamp":1776732906073}
{"sessionId":"6a4c11","runId":"initial","hypothesisId":"H3","location":"public\/actions\/add-cart.php:45","message":"cart updated in session","data":{"phpSessionId":"l19kna6h9r9ghem56br8q9dmc4","sessionCart":{"55":1},"totalItems":1},"timestamp":1776732906074}
{"sessionId":"6a4c11","runId":"initial","hypothesisId":"H4","location":"public\/cart.php:4","message":"cart page session read","data":{"phpSessionId":"l19kna6h9r9ghem56br8q9dmc4","sessionCart":{"55":1},"sessionCartCount":1},"timestamp":1776732908562}
{"sessionId":"6a4c11","runId":"initial","hypothesisId":"H5","location":"public\/cart.php:34","message":"cart product query completed","data":{"cartIds":[55],"productRows":1},"timestamp":1776732908566}
{"sessionId":"6a4c11","runId":"initial","hypothesisId":"H4","location":"public\/cart.php:4","message":"cart page session read","data":{"phpSessionId":"l19kna6h9r9ghem56br8q9dmc4","sessionCart":{"55":1},"sessionCartCount":1},"timestamp":1776732926739}
{"sessionId":"6a4c11","runId":"initial","hypothesisId":"H5","location":"public\/cart.php:34","message":"cart product query completed","data":{"cartIds":[55],"productRows":1},"timestamp":1776732926741}
{"sessionId":"6a4c11","runId":"initial","hypothesisId":"H4","location":"public\/cart.php:4","message":"cart page session read","data":{"phpSessionId":"l19kna6h9r9ghem56br8q9dmc4","sessionCart":{"55":1},"sessionCartCount":1},"timestamp":1776732988568}
{"sessionId":"6a4c11","runId":"initial","hypothesisId":"H5","location":"public\/cart.php:34","message":"cart product query completed","data":{"cartIds":[55],"productRows":1},"timestamp":1776732988569}
{"sessionId":"6a4c11","runId":"initial","hypothesisId":"H1","location":"public\/actions\/add-cart.php:4","message":"add-cart endpoint hit","data":{"method":"POST","phpSessionId":"l19kna6h9r9ghem56br8q9dmc4"},"timestamp":1776734783921}
{"sessionId":"6a4c11","runId":"initial","hypothesisId":"H2","location":"public\/actions\/add-cart.php:24","message":"add-cart payload parsed","data":{"productId":51,"quantity":1},"timestamp":1776734783929}
{"sessionId":"6a4c11","runId":"initial","hypothesisId":"H3","location":"public\/actions\/add-cart.php:45","message":"cart updated in session","data":{"phpSessionId":"l19kna6h9r9ghem56br8q9dmc4","sessionCart":{"55":1,"51":1},"totalItems":2},"timestamp":1776734783931}
{"sessionId":"6a4c11","runId":"initial","hypothesisId":"H4","location":"public\/cart.php:4","message":"cart page session read","data":{"phpSessionId":"l19kna6h9r9ghem56br8q9dmc4","sessionCart":{"55":1,"51":1},"sessionCartCount":2},"timestamp":1776734783972}
{"sessionId":"6a4c11","runId":"initial","hypothesisId":"H5","location":"public\/cart.php:34","message":"cart product query completed","data":{"cartIds":[55,51],"productRows":2},"timestamp":1776734783982}
{"sessionId":"6a4c11","runId":"initial","hypothesisId":"H4","location":"public\/cart.php:4","message":"cart page session read","data":{"phpSessionId":"l19kna6h9r9ghem56br8q9dmc4","sessionCart":[],"sessionCartCount":0},"timestamp":1776734791230}
{"sessionId":"6a4c11","runId":"initial","hypothesisId":"H1","location":"public\/actions\/add-cart.php:4","message":"add-cart endpoint hit","data":{"method":"POST","phpSessionId":"l19kna6h9r9ghem56br8q9dmc4"},"timestamp":1776734794778}
{"sessionId":"6a4c11","runId":"initial","hypothesisId":"H2","location":"public\/actions\/add-cart.php:24","message":"add-cart payload parsed","data":{"productId":57,"quantity":1},"timestamp":1776734794778}
{"sessionId":"6a4c11","runId":"initial","hypothesisId":"H3","location":"public\/actions\/add-cart.php:45","message":"cart updated in session","data":{"phpSessionId":"l19kna6h9r9ghem56br8q9dmc4","sessionCart":{"57":1},"totalItems":1},"timestamp":1776734794779}
{"sessionId":"6a4c11","runId":"initial","hypothesisId":"H1","location":"public\/actions\/add-cart.php:4","message":"add-cart endpoint hit","data":{"method":"POST","phpSessionId":"l19kna6h9r9ghem56br8q9dmc4"},"timestamp":1776734797077}
{"sessionId":"6a4c11","runId":"initial","hypothesisId":"H2","location":"public\/actions\/add-cart.php:24","message":"add-cart payload parsed","data":{"productId":56,"quantity":1},"timestamp":1776734797077}
{"sessionId":"6a4c11","runId":"initial","hypothesisId":"H3","location":"public\/actions\/add-cart.php:45","message":"cart updated in session","data":{"phpSessionId":"l19kna6h9r9ghem56br8q9dmc4","sessionCart":{"57":1,"56":1},"totalItems":2},"timestamp":1776734797077}
{"sessionId":"6a4c11","runId":"initial","hypothesisId":"H1","location":"public\/actions\/add-cart.php:4","message":"add-cart endpoint hit","data":{"method":"POST","phpSessionId":"l19kna6h9r9ghem56br8q9dmc4"},"timestamp":1776734834035}
{"sessionId":"6a4c11","runId":"initial","hypothesisId":"H2","location":"public\/actions\/add-cart.php:24","message":"add-cart payload parsed","data":{"productId":56,"quantity":1},"timestamp":1776734834036}
{"sessionId":"6a4c11","runId":"initial","hypothesisId":"H3","location":"public\/actions\/add-cart.php:45","message":"cart updated in session","data":{"phpSessionId":"l19kna6h9r9ghem56br8q9dmc4","sessionCart":{"57":1,"56":2},"totalItems":3},"timestamp":1776734834036}
{"sessionId":"6a4c11","runId":"initial","hypothesisId":"H1","location":"public\/actions\/add-cart.php:4","message":"add-cart endpoint hit","data":{"method":"POST","phpSessionId":"l19kna6h9r9ghem56br8q9dmc4"},"timestamp":1776734836295}
{"sessionId":"6a4c11","runId":"initial","hypothesisId":"H2","location":"public\/actions\/add-cart.php:24","message":"add-cart payload parsed","data":{"productId":55,"quantity":1},"timestamp":1776734836295}
{"sessionId":"6a4c11","runId":"initial","hypothesisId":"H3","location":"public\/actions\/add-cart.php:45","message":"cart updated in session","data":{"phpSessionId":"l19kna6h9r9ghem56br8q9dmc4","sessionCart":{"57":1,"56":2,"55":1},"totalItems":4},"timestamp":1776734836295}
{"sessionId":"6a4c11","runId":"initial","hypothesisId":"H1","location":"public\/actions\/add-cart.php:4","message":"add-cart endpoint hit","data":{"method":"POST","phpSessionId":"l19kna6h9r9ghem56br8q9dmc4"},"timestamp":1776734840860}
{"sessionId":"6a4c11","runId":"initial","hypothesisId":"H2","location":"public\/actions\/add-cart.php:24","message":"add-cart payload parsed","data":{"productId":56,"quantity":1},"timestamp":1776734840860}
{"sessionId":"6a4c11","runId":"initial","hypothesisId":"H3","location":"public\/actions\/add-cart.php:45","message":"cart updated in session","data":{"phpSessionId":"l19kna6h9r9ghem56br8q9dmc4","sessionCart":{"57":1,"56":3,"55":1},"totalItems":5},"timestamp":1776734840861}
{"sessionId":"6a4c11","runId":"initial","hypothesisId":"H1","location":"public\/actions\/add-cart.php:4","message":"add-cart endpoint hit","data":{"method":"POST","phpSessionId":"l19kna6h9r9ghem56br8q9dmc4"},"timestamp":1776734842993}
{"sessionId":"6a4c11","runId":"initial","hypothesisId":"H2","location":"public\/actions\/add-cart.php:24","message":"add-cart payload parsed","data":{"productId":55,"quantity":1},"timestamp":1776734842994}
{"sessionId":"6a4c11","runId":"initial","hypothesisId":"H3","location":"public\/actions\/add-cart.php:45","message":"cart updated in session","data":{"phpSessionId":"l19kna6h9r9ghem56br8q9dmc4","sessionCart":{"57":1,"56":3,"55":2},"totalItems":6},"timestamp":1776734842994}
{"sessionId":"6a4c11","runId":"initial","hypothesisId":"H1","location":"public\/actions\/add-cart.php:4","message":"add-cart endpoint hit","data":{"method":"POST","phpSessionId":"l19kna6h9r9ghem56br8q9dmc4"},"timestamp":1776734845202}
{"sessionId":"6a4c11","runId":"initial","hypothesisId":"H2","location":"public\/actions\/add-cart.php:24","message":"add-cart payload parsed","data":{"productId":54,"quantity":1},"timestamp":1776734845202}
{"sessionId":"6a4c11","runId":"initial","hypothesisId":"H3","location":"public\/actions\/add-cart.php:45","message":"cart updated in session","data":{"phpSessionId":"l19kna6h9r9ghem56br8q9dmc4","sessionCart":{"57":1,"56":3,"55":2,"54":1},"totalItems":7},"timestamp":1776734845203}
{"sessionId":"6a4c11","runId":"initial","hypothesisId":"H1","location":"public\/actions\/add-cart.php:4","message":"add-cart endpoint hit","data":{"method":"POST","phpSessionId":"l19kna6h9r9ghem56br8q9dmc4"},"timestamp":1776734847957}
{"sessionId":"6a4c11","runId":"initial","hypothesisId":"H2","location":"public\/actions\/add-cart.php:24","message":"add-cart payload parsed","data":{"productId":56,"quantity":1},"timestamp":1776734847958}
{"sessionId":"6a4c11","runId":"initial","hypothesisId":"H3","location":"public\/actions\/add-cart.php:45","message":"cart updated in session","data":{"phpSessionId":"l19kna6h9r9ghem56br8q9dmc4","sessionCart":{"57":1,"56":4,"55":2,"54":1},"totalItems":8},"timestamp":1776734847958}
{"sessionId":"6a4c11","runId":"initial","hypothesisId":"H1","location":"public\/actions\/add-cart.php:4","message":"add-cart endpoint hit","data":{"method":"POST","phpSessionId":"l19kna6h9r9ghem56br8q9dmc4"},"timestamp":1776734857602}
{"sessionId":"6a4c11","runId":"initial","hypothesisId":"H2","location":"public\/actions\/add-cart.php:24","message":"add-cart payload parsed","data":{"productId":55,"quantity":1},"timestamp":1776734857602}
{"sessionId":"6a4c11","runId":"initial","hypothesisId":"H3","location":"public\/actions\/add-cart.php:45","message":"cart updated in session","data":{"phpSessionId":"l19kna6h9r9ghem56br8q9dmc4","sessionCart":{"57":1,"56":4,"55":3,"54":1},"totalItems":9},"timestamp":1776734857602}
{"sessionId":"6a4c11","runId":"initial","hypothesisId":"H1","location":"public\/actions\/add-cart.php:4","message":"add-cart endpoint hit","data":{"method":"POST","phpSessionId":"l19kna6h9r9ghem56br8q9dmc4"},"timestamp":1776734859668}
{"sessionId":"6a4c11","runId":"initial","hypothesisId":"H2","location":"public\/actions\/add-cart.php:24","message":"add-cart payload parsed","data":{"productId":54,"quantity":1},"timestamp":1776734859668}
{"sessionId":"6a4c11","runId":"initial","hypothesisId":"H3","location":"public\/actions\/add-cart.php:45","message":"cart updated in session","data":{"phpSessionId":"l19kna6h9r9ghem56br8q9dmc4","sessionCart":{"57":1,"56":4,"55":3,"54":2},"totalItems":10},"timestamp":1776734859669}
{"sessionId":"6a4c11","runId":"initial","hypothesisId":"H1","location":"public\/actions\/add-cart.php:4","message":"add-cart endpoint hit","data":{"method":"POST","phpSessionId":"l19kna6h9r9ghem56br8q9dmc4"},"timestamp":1776734871940}
{"sessionId":"6a4c11","runId":"initial","hypothesisId":"H2","location":"public\/actions\/add-cart.php:24","message":"add-cart payload parsed","data":{"productId":54,"quantity":1},"timestamp":1776734871940}
{"sessionId":"6a4c11","runId":"initial","hypothesisId":"H3","location":"public\/actions\/add-cart.php:45","message":"cart updated in session","data":{"phpSessionId":"l19kna6h9r9ghem56br8q9dmc4","sessionCart":{"57":1,"56":4,"55":3,"54":3},"totalItems":11},"timestamp":1776734871940}
{"sessionId":"6a4c11","runId":"initial","hypothesisId":"H1","location":"public\/actions\/add-cart.php:4","message":"add-cart endpoint hit","data":{"method":"POST","phpSessionId":"l19kna6h9r9ghem56br8q9dmc4"},"timestamp":1776734874307}
{"sessionId":"6a4c11","runId":"initial","hypothesisId":"H2","location":"public\/actions\/add-cart.php:24","message":"add-cart payload parsed","data":{"productId":55,"quantity":1},"timestamp":1776734874307}
{"sessionId":"6a4c11","runId":"initial","hypothesisId":"H3","location":"public\/actions\/add-cart.php:45","message":"cart updated in session","data":{"phpSessionId":"l19kna6h9r9ghem56br8q9dmc4","sessionCart":{"57":1,"56":4,"55":4,"54":3},"totalItems":12},"timestamp":1776734874307}
{"sessionId":"6a4c11","runId":"initial","hypothesisId":"H1","location":"public\/actions\/add-cart.php:4","message":"add-cart endpoint hit","data":{"method":"POST","phpSessionId":"l19kna6h9r9ghem56br8q9dmc4"},"timestamp":1776734879826}
{"sessionId":"6a4c11","runId":"initial","hypothesisId":"H2","location":"public\/actions\/add-cart.php:24","message":"add-cart payload parsed","data":{"productId":51,"quantity":1},"timestamp":1776734879827}
{"sessionId":"6a4c11","runId":"initial","hypothesisId":"H3","location":"public\/actions\/add-cart.php:45","message":"cart updated in session","data":{"phpSessionId":"l19kna6h9r9ghem56br8q9dmc4","sessionCart":{"57":1,"56":4,"55":4,"54":3,"51":1},"totalItems":13},"timestamp":1776734879827}
{"sessionId":"6a4c11","runId":"initial","hypothesisId":"H1","location":"public\/actions\/add-cart.php:4","message":"add-cart endpoint hit","data":{"method":"POST","phpSessionId":"l19kna6h9r9ghem56br8q9dmc4"},"timestamp":1776734937319}
{"sessionId":"6a4c11","runId":"initial","hypothesisId":"H2","location":"public\/actions\/add-cart.php:24","message":"add-cart payload parsed","data":{"productId":51,"quantity":1},"timestamp":1776734937323}
{"sessionId":"6a4c11","runId":"initial","hypothesisId":"H3","location":"public\/actions\/add-cart.php:45","message":"cart updated in session","data":{"phpSessionId":"l19kna6h9r9ghem56br8q9dmc4","sessionCart":{"57":1,"56":4,"55":4,"54":3,"51":2},"totalItems":14},"timestamp":1776734937323}
{"sessionId":"6a4c11","runId":"initial","hypothesisId":"H4","location":"public\/cart.php:4","message":"cart page session read","data":{"phpSessionId":"l19kna6h9r9ghem56br8q9dmc4","sessionCart":{"57":1,"56":4,"55":4,"54":3,"51":2},"sessionCartCount":5},"timestamp":1776734939335}
{"sessionId":"6a4c11","runId":"initial","hypothesisId":"H5","location":"public\/cart.php:34","message":"cart product query completed","data":{"cartIds":[57,56,55,54,51],"productRows":5},"timestamp":1776734939340}
{"sessionId":"6a4c11","runId":"initial","hypothesisId":"H4","location":"public\/cart.php:4","message":"cart page session read","data":{"phpSessionId":"l19kna6h9r9ghem56br8q9dmc4","sessionCart":{"57":1,"56":4,"55":4},"sessionCartCount":3},"timestamp":1776734956006}
{"sessionId":"6a4c11","runId":"initial","hypothesisId":"H5","location":"public\/cart.php:34","message":"cart product query completed","data":{"cartIds":[57,56,55],"productRows":3},"timestamp":1776734956008}
{"sessionId":"6a4c11","runId":"initial","hypothesisId":"H4","location":"public\/cart.php:4","message":"cart page session read","data":{"phpSessionId":"l19kna6h9r9ghem56br8q9dmc4","sessionCart":[],"sessionCartCount":0},"timestamp":1776734964859}
{"sessionId":"6a4c11","runId":"initial","hypothesisId":"H4","location":"public\/cart.php:4","message":"cart page session read","data":{"phpSessionId":"l19kna6h9r9ghem56br8q9dmc4","sessionCart":[],"sessionCartCount":0},"timestamp":1776734973017}
{"sessionId":"6a4c11","runId":"initial","hypothesisId":"H1","location":"public\/actions\/add-cart.php:4","message":"add-cart endpoint hit","data":{"method":"POST","phpSessionId":"l19kna6h9r9ghem56br8q9dmc4"},"timestamp":1776734979107}
{"sessionId":"6a4c11","runId":"initial","hypothesisId":"H2","location":"public\/actions\/add-cart.php:24","message":"add-cart payload parsed","data":{"productId":55,"quantity":1},"timestamp":1776734979107}
{"sessionId":"6a4c11","runId":"initial","hypothesisId":"H3","location":"public\/actions\/add-cart.php:45","message":"cart updated in session","data":{"phpSessionId":"l19kna6h9r9ghem56br8q9dmc4","sessionCart":{"55":1},"totalItems":1},"timestamp":1776734979108}
{"sessionId":"6a4c11","runId":"initial","hypothesisId":"H1","location":"public\/actions\/add-cart.php:4","message":"add-cart endpoint hit","data":{"method":"POST","phpSessionId":"l19kna6h9r9ghem56br8q9dmc4"},"timestamp":1776734980560}
{"sessionId":"6a4c11","runId":"initial","hypothesisId":"H2","location":"public\/actions\/add-cart.php:24","message":"add-cart payload parsed","data":{"productId":56,"quantity":1},"timestamp":1776734980560}
{"sessionId":"6a4c11","runId":"initial","hypothesisId":"H3","location":"public\/actions\/add-cart.php:45","message":"cart updated in session","data":{"phpSessionId":"l19kna6h9r9ghem56br8q9dmc4","sessionCart":{"55":1,"56":1},"totalItems":2},"timestamp":1776734980561}
{"sessionId":"6a4c11","runId":"initial","hypothesisId":"H4","location":"public\/cart.php:4","message":"cart page session read","data":{"phpSessionId":"l19kna6h9r9ghem56br8q9dmc4","sessionCart":{"55":1,"56":1},"sessionCartCount":2},"timestamp":1776765648535}
{"sessionId":"6a4c11","runId":"initial","hypothesisId":"H5","location":"public\/cart.php:34","message":"cart product query completed","data":{"cartIds":[55,56],"productRows":2},"timestamp":1776765648552}
{"sessionId":"6a4c11","runId":"initial","hypothesisId":"H1","location":"public\/actions\/add-cart.php:4","message":"add-cart endpoint hit","data":{"method":"POST","phpSessionId":"l19kna6h9r9ghem56br8q9dmc4"},"timestamp":1776783979364}
{"sessionId":"6a4c11","runId":"initial","hypothesisId":"H2","location":"public\/actions\/add-cart.php:24","message":"add-cart payload parsed","data":{"productId":56,"quantity":1},"timestamp":1776783979370}
{"sessionId":"6a4c11","runId":"initial","hypothesisId":"H3","location":"public\/actions\/add-cart.php:45","message":"cart updated in session","data":{"phpSessionId":"l19kna6h9r9ghem56br8q9dmc4","sessionCart":{"55":1,"56":2},"totalItems":3},"timestamp":1776783979373}
{"sessionId":"6a4c11","runId":"initial","hypothesisId":"H1","location":"public\/actions\/add-cart.php:4","message":"add-cart endpoint hit","data":{"method":"POST","phpSessionId":"l19kna6h9r9ghem56br8q9dmc4"},"timestamp":1776783980711}
{"sessionId":"6a4c11","runId":"initial","hypothesisId":"H2","location":"public\/actions\/add-cart.php:24","message":"add-cart payload parsed","data":{"productId":55,"quantity":1},"timestamp":1776783980711}
{"sessionId":"6a4c11","runId":"initial","hypothesisId":"H3","location":"public\/actions\/add-cart.php:45","message":"cart updated in session","data":{"phpSessionId":"l19kna6h9r9ghem56br8q9dmc4","sessionCart":{"55":2,"56":2},"totalItems":4},"timestamp":1776783980712}
{"sessionId":"6a4c11","runId":"initial","hypothesisId":"H4","location":"public\/cart.php:4","message":"cart page session read","data":{"phpSessionId":"l19kna6h9r9ghem56br8q9dmc4","sessionCart":{"55":2,"56":2},"sessionCartCount":2},"timestamp":1776784024981}
{"sessionId":"6a4c11","runId":"initial","hypothesisId":"H5","location":"public\/cart.php:34","message":"cart product query completed","data":{"cartIds":[55,56],"productRows":2},"timestamp":1776784024988}
{"sessionId":"6a4c11","runId":"initial","hypothesisId":"H4","location":"public\/cart.php:4","message":"cart page session read","data":{"phpSessionId":"l19kna6h9r9ghem56br8q9dmc4","sessionCart":{"55":2,"56":2},"sessionCartCount":2},"timestamp":1776784028207}
{"sessionId":"6a4c11","runId":"initial","hypothesisId":"H5","location":"public\/cart.php:34","message":"cart product query completed","data":{"cartIds":[55,56],"productRows":2},"timestamp":1776784028209}
{"sessionId":"6a4c11","runId":"initial","hypothesisId":"H4","location":"public\/cart.php:4","message":"cart page session read","data":{"phpSessionId":"l19kna6h9r9ghem56br8q9dmc4","sessionCart":{"55":2,"56":2},"sessionCartCount":2},"timestamp":1776784028255}
{"sessionId":"6a4c11","runId":"initial","hypothesisId":"H5","location":"public\/cart.php:34","message":"cart product query completed","data":{"cartIds":[55,56],"productRows":2},"timestamp":1776784028256}
{"sessionId":"6a4c11","runId":"initial","hypothesisId":"H4","location":"public\/cart.php:4","message":"cart page session read","data":{"phpSessionId":"l19kna6h9r9ghem56br8q9dmc4","sessionCart":{"55":2,"56":2},"sessionCartCount":2},"timestamp":1776784031135}
{"sessionId":"6a4c11","runId":"initial","hypothesisId":"H5","location":"public\/cart.php:34","message":"cart product query completed","data":{"cartIds":[55,56],"productRows":2},"timestamp":1776784031136}
{"sessionId":"6a4c11","runId":"initial","hypothesisId":"H4","location":"public\/cart.php:4","message":"cart page session read","data":{"phpSessionId":"l19kna6h9r9ghem56br8q9dmc4","sessionCart":[],"sessionCartCount":0},"timestamp":1776784039193}
{"sessionId":"6a4c11","runId":"initial","hypothesisId":"H1","location":"public\/actions\/add-cart.php:4","message":"add-cart endpoint hit","data":{"method":"POST","phpSessionId":"l19kna6h9r9ghem56br8q9dmc4"},"timestamp":1776784156523}
{"sessionId":"6a4c11","runId":"initial","hypothesisId":"H2","location":"public\/actions\/add-cart.php:24","message":"add-cart payload parsed","data":{"productId":57,"quantity":1},"timestamp":1776784156532}
{"sessionId":"6a4c11","runId":"initial","hypothesisId":"H3","location":"public\/actions\/add-cart.php:45","message":"cart updated in session","data":{"phpSessionId":"l19kna6h9r9ghem56br8q9dmc4","sessionCart":{"57":1},"totalItems":1},"timestamp":1776784156534}
{"sessionId":"6a4c11","runId":"initial","hypothesisId":"H4","location":"public\/cart.php:4","message":"cart page session read","data":{"phpSessionId":"l19kna6h9r9ghem56br8q9dmc4","sessionCart":{"57":1},"sessionCartCount":1},"timestamp":1776784161463}
{"sessionId":"6a4c11","runId":"initial","hypothesisId":"H5","location":"public\/cart.php:34","message":"cart product query completed","data":{"cartIds":[57],"productRows":1},"timestamp":1776784162516}
{"sessionId":"6a4c11","runId":"initial","hypothesisId":"H4","location":"public\/cart.php:4","message":"cart page session read","data":{"phpSessionId":"l19kna6h9r9ghem56br8q9dmc4","sessionCart":{"57":1},"sessionCartCount":1},"timestamp":1776784172539}
{"sessionId":"6a4c11","runId":"initial","hypothesisId":"H5","location":"public\/cart.php:34","message":"cart product query completed","data":{"cartIds":[57],"productRows":1},"timestamp":1776784172541}
{"sessionId":"6a4c11","runId":"initial","hypothesisId":"H4","location":"public\/cart.php:4","message":"cart page session read","data":{"phpSessionId":"l19kna6h9r9ghem56br8q9dmc4","sessionCart":[],"sessionCartCount":0},"timestamp":1776784182995}
{"sessionId":"6a4c11","runId":"initial","hypothesisId":"H1","location":"public\/actions\/add-cart.php:4","message":"add-cart endpoint hit","data":{"method":"POST","phpSessionId":"i5122llrjsumhmmdvu7oa3irf2"},"timestamp":1776821884556}
{"sessionId":"6a4c11","runId":"initial","hypothesisId":"H2","location":"public\/actions\/add-cart.php:24","message":"add-cart payload parsed","data":{"productId":54,"quantity":1},"timestamp":1776821884558}
{"sessionId":"6a4c11","runId":"initial","hypothesisId":"H3","location":"public\/actions\/add-cart.php:45","message":"cart updated in session","data":{"phpSessionId":"i5122llrjsumhmmdvu7oa3irf2","sessionCart":{"54":1},"totalItems":1},"timestamp":1776821884558}
{"sessionId":"6a4c11","runId":"initial","hypothesisId":"H4","location":"public\/cart.php:4","message":"cart page session read","data":{"phpSessionId":"i5122llrjsumhmmdvu7oa3irf2","sessionCart":{"54":1},"sessionCartCount":1},"timestamp":1776821887580}
{"sessionId":"6a4c11","runId":"initial","hypothesisId":"H5","location":"public\/cart.php:34","message":"cart product query completed","data":{"cartIds":[54],"productRows":1},"timestamp":1776821887582}
{"sessionId":"6a4c11","runId":"initial","hypothesisId":"H1","location":"public\/actions\/add-cart.php:4","message":"add-cart endpoint hit","data":{"method":"POST","phpSessionId":"i5122llrjsumhmmdvu7oa3irf2"},"timestamp":1776821950289}
{"sessionId":"6a4c11","runId":"initial","hypothesisId":"H2","location":"public\/actions\/add-cart.php:24","message":"add-cart payload parsed","data":{"productId":57,"quantity":1},"timestamp":1776821950290}
{"sessionId":"6a4c11","runId":"initial","hypothesisId":"H3","location":"public\/actions\/add-cart.php:45","message":"cart updated in session","data":{"phpSessionId":"i5122llrjsumhmmdvu7oa3irf2","sessionCart":{"57":1},"totalItems":1},"timestamp":1776821950290}
{"sessionId":"6a4c11","runId":"initial","hypothesisId":"H4","location":"public\/cart.php:4","message":"cart page session read","data":{"phpSessionId":"i5122llrjsumhmmdvu7oa3irf2","sessionCart":{"57":1},"sessionCartCount":1},"timestamp":1776821950326}
{"sessionId":"6a4c11","runId":"initial","hypothesisId":"H5","location":"public\/cart.php:34","message":"cart product query completed","data":{"cartIds":[57],"productRows":1},"timestamp":1776821950326}
{"sessionId":"6a4c11","runId":"initial","hypothesisId":"H4","location":"public\/cart.php:4","message":"cart page session read","data":{"phpSessionId":"i5122llrjsumhmmdvu7oa3irf2","sessionCart":{"57":1},"sessionCartCount":1},"timestamp":1776821956518}
{"sessionId":"6a4c11","runId":"initial","hypothesisId":"H5","location":"public\/cart.php:34","message":"cart product query completed","data":{"cartIds":[57],"productRows":1},"timestamp":1776821956519}
{"sessionId":"6a4c11","runId":"initial","hypothesisId":"H4","location":"public\/cart.php:4","message":"cart page session read","data":{"phpSessionId":"i5122llrjsumhmmdvu7oa3irf2","sessionCart":{"57":7},"sessionCartCount":1},"timestamp":1776821964606}
{"sessionId":"6a4c11","runId":"initial","hypothesisId":"H5","location":"public\/cart.php:34","message":"cart product query completed","data":{"cartIds":[57],"productRows":1},"timestamp":1776821964608}
{"sessionId":"6a4c11","runId":"initial","hypothesisId":"H4","location":"public\/cart.php:4","message":"cart page session read","data":{"phpSessionId":"i5122llrjsumhmmdvu7oa3irf2","sessionCart":{"57":7},"sessionCartCount":1},"timestamp":1776826225969}
{"sessionId":"6a4c11","runId":"initial","hypothesisId":"H5","location":"public\/cart.php:34","message":"cart product query completed","data":{"cartIds":[57],"productRows":1},"timestamp":1776826225975}
{"sessionId":"6a4c11","runId":"initial","hypothesisId":"H1","location":"public\/actions\/add-cart.php:4","message":"add-cart endpoint hit","data":{"method":"POST","phpSessionId":"i5122llrjsumhmmdvu7oa3irf2"},"timestamp":1776838734921}
{"sessionId":"6a4c11","runId":"initial","hypothesisId":"H2","location":"public\/actions\/add-cart.php:24","message":"add-cart payload parsed","data":{"productId":58,"quantity":1},"timestamp":1776838734922}
{"sessionId":"6a4c11","runId":"initial","hypothesisId":"H3","location":"public\/actions\/add-cart.php:45","message":"cart updated in session","data":{"phpSessionId":"i5122llrjsumhmmdvu7oa3irf2","sessionCart":{"57":7,"58":1},"totalItems":8},"timestamp":1776838734923}
{"sessionId":"6a4c11","runId":"initial","hypothesisId":"H1","location":"public\/actions\/add-cart.php:4","message":"add-cart endpoint hit","data":{"method":"POST","phpSessionId":"i5122llrjsumhmmdvu7oa3irf2"},"timestamp":1776838737747}
{"sessionId":"6a4c11","runId":"initial","hypothesisId":"H2","location":"public\/actions\/add-cart.php:24","message":"add-cart payload parsed","data":{"productId":58,"quantity":1},"timestamp":1776838737747}
{"sessionId":"6a4c11","runId":"initial","hypothesisId":"H3","location":"public\/actions\/add-cart.php:45","message":"cart updated in session","data":{"phpSessionId":"i5122llrjsumhmmdvu7oa3irf2","sessionCart":{"57":7,"58":2},"totalItems":9},"timestamp":1776838737747}
{"sessionId":"6a4c11","runId":"initial","hypothesisId":"H4","location":"public\/cart.php:4","message":"cart page session read","data":{"phpSessionId":"i5122llrjsumhmmdvu7oa3irf2","sessionCart":{"57":7,"58":2},"sessionCartCount":2},"timestamp":1776838737813}
{"sessionId":"6a4c11","runId":"initial","hypothesisId":"H5","location":"public\/cart.php:34","message":"cart product query completed","data":{"cartIds":[57,58],"productRows":2},"timestamp":1776838737817}
{"sessionId":"6a4c11","runId":"initial","hypothesisId":"H1","location":"public\/actions\/add-cart.php:4","message":"add-cart endpoint hit","data":{"method":"POST","phpSessionId":"i5122llrjsumhmmdvu7oa3irf2"},"timestamp":1776838741971}
{"sessionId":"6a4c11","runId":"initial","hypothesisId":"H2","location":"public\/actions\/add-cart.php:24","message":"add-cart payload parsed","data":{"productId":58,"quantity":1},"timestamp":1776838741971}
{"sessionId":"6a4c11","runId":"initial","hypothesisId":"H3","location":"public\/actions\/add-cart.php:45","message":"cart updated in session","data":{"phpSessionId":"i5122llrjsumhmmdvu7oa3irf2","sessionCart":{"57":7,"58":3},"totalItems":10},"timestamp":1776838741971}
{"sessionId":"6a4c11","runId":"initial","hypothesisId":"H1","location":"public\/actions\/add-cart.php:4","message":"add-cart endpoint hit","data":{"method":"POST","phpSessionId":"i5122llrjsumhmmdvu7oa3irf2"},"timestamp":1776838767736}
{"sessionId":"6a4c11","runId":"initial","hypothesisId":"H2","location":"public\/actions\/add-cart.php:24","message":"add-cart payload parsed","data":{"productId":58,"quantity":1},"timestamp":1776838767737}
{"sessionId":"6a4c11","runId":"initial","hypothesisId":"H3","location":"public\/actions\/add-cart.php:45","message":"cart updated in session","data":{"phpSessionId":"i5122llrjsumhmmdvu7oa3irf2","sessionCart":{"57":7,"58":4},"totalItems":11},"timestamp":1776838767737}
{"sessionId":"6a4c11","runId":"initial","hypothesisId":"H4","location":"public\/cart.php:4","message":"cart page session read","data":{"phpSessionId":"i5122llrjsumhmmdvu7oa3irf2","sessionCart":{"57":7,"58":4},"sessionCartCount":2},"timestamp":1776838783808}
{"sessionId":"6a4c11","runId":"initial","hypothesisId":"H5","location":"public\/cart.php:34","message":"cart product query completed","data":{"cartIds":[57,58],"productRows":2},"timestamp":1776838783810}
{"sessionId":"6a4c11","runId":"initial","hypothesisId":"H4","location":"public\/cart.php:4","message":"cart page session read","data":{"phpSessionId":"i5122llrjsumhmmdvu7oa3irf2","sessionCart":{"57":7,"58":4},"sessionCartCount":2},"timestamp":1776838793207}
{"sessionId":"6a4c11","runId":"initial","hypothesisId":"H5","location":"public\/cart.php:34","message":"cart product query completed","data":{"cartIds":[57,58],"productRows":2},"timestamp":1776838793219}
{"sessionId":"6a4c11","runId":"initial","hypothesisId":"H4","location":"public\/cart.php:4","message":"cart page session read","data":{"phpSessionId":"i5122llrjsumhmmdvu7oa3irf2","sessionCart":{"57":7},"sessionCartCount":1},"timestamp":1776838803458}
{"sessionId":"6a4c11","runId":"initial","hypothesisId":"H5","location":"public\/cart.php:34","message":"cart product query completed","data":{"cartIds":[57],"productRows":1},"timestamp":1776838803461}
{"sessionId":"6a4c11","runId":"initial","hypothesisId":"H1","location":"public\/actions\/add-cart.php:4","message":"add-cart endpoint hit","data":{"method":"POST","phpSessionId":"i5122llrjsumhmmdvu7oa3irf2"},"timestamp":1776838811204}
{"sessionId":"6a4c11","runId":"initial","hypothesisId":"H2","location":"public\/actions\/add-cart.php:24","message":"add-cart payload parsed","data":{"productId":58,"quantity":1},"timestamp":1776838811207}
{"sessionId":"6a4c11","runId":"initial","hypothesisId":"H3","location":"public\/actions\/add-cart.php:45","message":"cart updated in session","data":{"phpSessionId":"i5122llrjsumhmmdvu7oa3irf2","sessionCart":{"57":7,"58":1},"totalItems":8},"timestamp":1776838811207}
{"sessionId":"6a4c11","runId":"initial","hypothesisId":"H1","location":"public\/actions\/add-cart.php:4","message":"add-cart endpoint hit","data":{"method":"POST","phpSessionId":"i5122llrjsumhmmdvu7oa3irf2"},"timestamp":1776838855521}
{"sessionId":"6a4c11","runId":"initial","hypothesisId":"H2","location":"public\/actions\/add-cart.php:24","message":"add-cart payload parsed","data":{"productId":58,"quantity":1},"timestamp":1776838855521}
{"sessionId":"6a4c11","runId":"initial","hypothesisId":"H3","location":"public\/actions\/add-cart.php:45","message":"cart updated in session","data":{"phpSessionId":"i5122llrjsumhmmdvu7oa3irf2","sessionCart":{"57":7,"58":2},"totalItems":9},"timestamp":1776838855522}
{"sessionId":"6a4c11","runId":"initial","hypothesisId":"H4","location":"public\/cart.php:4","message":"cart page session read","data":{"phpSessionId":"i5122llrjsumhmmdvu7oa3irf2","sessionCart":{"57":7,"58":2},"sessionCartCount":2},"timestamp":1776838857703}
{"sessionId":"6a4c11","runId":"initial","hypothesisId":"H5","location":"public\/cart.php:34","message":"cart product query completed","data":{"cartIds":[57,58],"productRows":2},"timestamp":1776838857704}
{"sessionId":"6a4c11","runId":"initial","hypothesisId":"H1","location":"public\/actions\/add-cart.php:4","message":"add-cart endpoint hit","data":{"method":"POST","phpSessionId":"i5122llrjsumhmmdvu7oa3irf2"},"timestamp":1776841315539}
{"sessionId":"6a4c11","runId":"initial","hypothesisId":"H2","location":"public\/actions\/add-cart.php:24","message":"add-cart payload parsed","data":{"productId":56,"quantity":1},"timestamp":1776841315556}
{"sessionId":"6a4c11","runId":"initial","hypothesisId":"H3","location":"public\/actions\/add-cart.php:45","message":"cart updated in session","data":{"phpSessionId":"i5122llrjsumhmmdvu7oa3irf2","sessionCart":{"56":1},"totalItems":1},"timestamp":1776841315558}
{"sessionId":"6a4c11","runId":"initial","hypothesisId":"H1","location":"public\/actions\/add-cart.php:4","message":"add-cart endpoint hit","data":{"method":"POST","phpSessionId":"i5122llrjsumhmmdvu7oa3irf2"},"timestamp":1776841687840}
{"sessionId":"6a4c11","runId":"initial","hypothesisId":"H2","location":"public\/actions\/add-cart.php:24","message":"add-cart payload parsed","data":{"productId":58,"quantity":1},"timestamp":1776841687842}
{"sessionId":"6a4c11","runId":"initial","hypothesisId":"H3","location":"public\/actions\/add-cart.php:45","message":"cart updated in session","data":{"phpSessionId":"i5122llrjsumhmmdvu7oa3irf2","sessionCart":{"56":1,"58":1},"totalItems":2},"timestamp":1776841687843}
{"sessionId":"6a4c11","runId":"initial","hypothesisId":"H4","location":"public\/cart.php:4","message":"cart page session read","data":{"phpSessionId":"i5122llrjsumhmmdvu7oa3irf2","sessionCart":{"56":1,"58":1},"sessionCartCount":2},"timestamp":1776841694243}
{"sessionId":"6a4c11","runId":"initial","hypothesisId":"H5","location":"public\/cart.php:34","message":"cart product query completed","data":{"cartIds":[56,58],"productRows":2},"timestamp":1776841694250}
{"sessionId":"6a4c11","runId":"initial","hypothesisId":"H4","location":"public\/cart.php:4","message":"cart page session read","data":{"phpSessionId":"i5122llrjsumhmmdvu7oa3irf2","sessionCart":{"56":1,"58":12},"sessionCartCount":2},"timestamp":1776843576014}
{"sessionId":"6a4c11","runId":"initial","hypothesisId":"H5","location":"public\/cart.php:34","message":"cart product query completed","data":{"cartIds":[56,58],"productRows":2},"timestamp":1776843576029}
{"sessionId":"6a4c11","runId":"initial","hypothesisId":"H4","location":"public\/cart.php:4","message":"cart page session read","data":{"phpSessionId":"i5122llrjsumhmmdvu7oa3irf2","sessionCart":{"56":1,"58":12},"sessionCartCount":2},"timestamp":1776843725043}
{"sessionId":"6a4c11","runId":"initial","hypothesisId":"H5","location":"public\/cart.php:34","message":"cart product query completed","data":{"cartIds":[56,58],"productRows":2},"timestamp":1776843725045}
{"sessionId":"6a4c11","runId":"initial","hypothesisId":"H4","location":"public\/cart.php:4","message":"cart page session read","data":{"phpSessionId":"i5122llrjsumhmmdvu7oa3irf2","sessionCart":{"56":1,"58":12},"sessionCartCount":2},"timestamp":1776843736940}
{"sessionId":"6a4c11","runId":"initial","hypothesisId":"H5","location":"public\/cart.php:34","message":"cart product query completed","data":{"cartIds":[56,58],"productRows":2},"timestamp":1776843736941}
{"sessionId":"6a4c11","runId":"initial","hypothesisId":"H4","location":"public\/cart.php:4","message":"cart page session read","data":{"phpSessionId":"i5122llrjsumhmmdvu7oa3irf2","sessionCart":{"56":1,"58":12},"sessionCartCount":2},"timestamp":1776844444958}
{"sessionId":"6a4c11","runId":"initial","hypothesisId":"H5","location":"public\/cart.php:34","message":"cart product query completed","data":{"cartIds":[56,58],"productRows":2},"timestamp":1776844444964}
{"sessionId":"6a4c11","runId":"initial","hypothesisId":"H4","location":"public\/cart.php:4","message":"cart page session read","data":{"phpSessionId":"i5122llrjsumhmmdvu7oa3irf2","sessionCart":{"56":1,"58":12},"sessionCartCount":2},"timestamp":1776844448206}
{"sessionId":"6a4c11","runId":"initial","hypothesisId":"H5","location":"public\/cart.php:34","message":"cart product query completed","data":{"cartIds":[56,58],"productRows":2},"timestamp":1776844448209}
{"sessionId":"6a4c11","runId":"initial","hypothesisId":"H4","location":"public\/cart.php:4","message":"cart page session read","data":{"phpSessionId":"i5122llrjsumhmmdvu7oa3irf2","sessionCart":{"56":1,"58":12},"sessionCartCount":2},"timestamp":1776844450161}
{"sessionId":"6a4c11","runId":"initial","hypothesisId":"H5","location":"public\/cart.php:34","message":"cart product query completed","data":{"cartIds":[56,58],"productRows":2},"timestamp":1776844450163}
{"sessionId":"6a4c11","runId":"initial","hypothesisId":"H1","location":"public\/actions\/add-cart.php:4","message":"add-cart endpoint hit","data":{"method":"POST","phpSessionId":"jvb8aeonc1fiilda7telagd1cc"},"timestamp":1776859072326}
{"sessionId":"6a4c11","runId":"initial","hypothesisId":"H2","location":"public\/actions\/add-cart.php:24","message":"add-cart payload parsed","data":{"productId":56,"quantity":1},"timestamp":1776859072327}
{"sessionId":"6a4c11","runId":"initial","hypothesisId":"H3","location":"public\/actions\/add-cart.php:45","message":"cart updated in session","data":{"phpSessionId":"jvb8aeonc1fiilda7telagd1cc","sessionCart":{"56":1},"totalItems":1},"timestamp":1776859072328}
{"sessionId":"6a4c11","runId":"initial","hypothesisId":"H4","location":"public\/cart.php:4","message":"cart page session read","data":{"phpSessionId":"jvb8aeonc1fiilda7telagd1cc","sessionCart":{"56":1},"sessionCartCount":1},"timestamp":1776859074234}
{"sessionId":"6a4c11","runId":"initial","hypothesisId":"H5","location":"public\/cart.php:34","message":"cart product query completed","data":{"cartIds":[56],"productRows":1},"timestamp":1776859074236}
{"sessionId":"6a4c11","runId":"initial","hypothesisId":"H1","location":"public\/actions\/add-cart.php:4","message":"add-cart endpoint hit","data":{"method":"POST","phpSessionId":"jvb8aeonc1fiilda7telagd1cc"},"timestamp":1776866986849}
{"sessionId":"6a4c11","runId":"initial","hypothesisId":"H2","location":"public\/actions\/add-cart.php:24","message":"add-cart payload parsed","data":{"productId":59,"quantity":1},"timestamp":1776866986852}
{"sessionId":"6a4c11","runId":"initial","hypothesisId":"H3","location":"public\/actions\/add-cart.php:45","message":"cart updated in session","data":{"phpSessionId":"jvb8aeonc1fiilda7telagd1cc","sessionCart":{"59":1},"totalItems":1},"timestamp":1776866986852}
{"sessionId":"6a4c11","runId":"initial","hypothesisId":"H4","location":"public\/cart.php:4","message":"cart page session read","data":{"phpSessionId":"jvb8aeonc1fiilda7telagd1cc","sessionCart":{"59":1},"sessionCartCount":1},"timestamp":1776866989945}
{"sessionId":"6a4c11","runId":"initial","hypothesisId":"H5","location":"public\/cart.php:34","message":"cart product query completed","data":{"cartIds":[59],"productRows":1},"timestamp":1776866989948}
{"sessionId":"6a4c11","runId":"initial","hypothesisId":"H4","location":"public\/cart.php:4","message":"cart page session read","data":{"phpSessionId":"jvb8aeonc1fiilda7telagd1cc","sessionCart":{"59":9},"sessionCartCount":1},"timestamp":1776867007779}
{"sessionId":"6a4c11","runId":"initial","hypothesisId":"H5","location":"public\/cart.php:34","message":"cart product query completed","data":{"cartIds":[59],"productRows":1},"timestamp":1776867007787}
{"sessionId":"6a4c11","runId":"initial","hypothesisId":"H1","location":"public\/actions\/add-cart.php:4","message":"add-cart endpoint hit","data":{"method":"POST","phpSessionId":"jvb8aeonc1fiilda7telagd1cc"},"timestamp":1776867046580}
{"sessionId":"6a4c11","runId":"initial","hypothesisId":"H2","location":"public\/actions\/add-cart.php:24","message":"add-cart payload parsed","data":{"productId":57,"quantity":1},"timestamp":1776867046581}
{"sessionId":"6a4c11","runId":"initial","hypothesisId":"H3","location":"public\/actions\/add-cart.php:45","message":"cart updated in session","data":{"phpSessionId":"jvb8aeonc1fiilda7telagd1cc","sessionCart":{"59":9,"57":1},"totalItems":10},"timestamp":1776867046581}
{"sessionId":"6a4c11","runId":"initial","hypothesisId":"H4","location":"public\/cart.php:4","message":"cart page session read","data":{"phpSessionId":"jvb8aeonc1fiilda7telagd1cc","sessionCart":{"59":9,"57":1},"sessionCartCount":2},"timestamp":1776867046605}
{"sessionId":"6a4c11","runId":"initial","hypothesisId":"H5","location":"public\/cart.php:34","message":"cart product query completed","data":{"cartIds":[59,57],"productRows":2},"timestamp":1776867046607}
{"sessionId":"6a4c11","runId":"initial","hypothesisId":"H4","location":"public\/cart.php:4","message":"cart page session read","data":{"phpSessionId":"jvb8aeonc1fiilda7telagd1cc","sessionCart":[],"sessionCartCount":0},"timestamp":1776867124154}
{"sessionId":"6a4c11","runId":"initial","hypothesisId":"H1","location":"public\/actions\/add-cart.php:4","message":"add-cart endpoint hit","data":{"method":"POST","phpSessionId":"jvb8aeonc1fiilda7telagd1cc"},"timestamp":1776867733391}
{"sessionId":"6a4c11","runId":"initial","hypothesisId":"H2","location":"public\/actions\/add-cart.php:24","message":"add-cart payload parsed","data":{"productId":58,"quantity":1},"timestamp":1776867733393}
{"sessionId":"6a4c11","runId":"initial","hypothesisId":"H3","location":"public\/actions\/add-cart.php:45","message":"cart updated in session","data":{"phpSessionId":"jvb8aeonc1fiilda7telagd1cc","sessionCart":{"58":1},"totalItems":1},"timestamp":1776867733395}
{"sessionId":"6a4c11","runId":"initial","hypothesisId":"H1","location":"public\/actions\/add-cart.php:4","message":"add-cart endpoint hit","data":{"method":"POST","phpSessionId":"jvb8aeonc1fiilda7telagd1cc"},"timestamp":1776867735515}
{"sessionId":"6a4c11","runId":"initial","hypothesisId":"H2","location":"public\/actions\/add-cart.php:24","message":"add-cart payload parsed","data":{"productId":58,"quantity":1},"timestamp":1776867735515}
{"sessionId":"6a4c11","runId":"initial","hypothesisId":"H3","location":"public\/actions\/add-cart.php:45","message":"cart updated in session","data":{"phpSessionId":"jvb8aeonc1fiilda7telagd1cc","sessionCart":{"58":2},"totalItems":2},"timestamp":1776867735516}
{"sessionId":"6a4c11","runId":"initial","hypothesisId":"H1","location":"public\/actions\/add-cart.php:4","message":"add-cart endpoint hit","data":{"method":"POST","phpSessionId":"jvb8aeonc1fiilda7telagd1cc"},"timestamp":1776867738237}
{"sessionId":"6a4c11","runId":"initial","hypothesisId":"H2","location":"public\/actions\/add-cart.php:24","message":"add-cart payload parsed","data":{"productId":56,"quantity":1},"timestamp":1776867738237}
{"sessionId":"6a4c11","runId":"initial","hypothesisId":"H3","location":"public\/actions\/add-cart.php:45","message":"cart updated in session","data":{"phpSessionId":"jvb8aeonc1fiilda7telagd1cc","sessionCart":{"58":2,"56":1},"totalItems":3},"timestamp":1776867738237}
{"sessionId":"6a4c11","runId":"initial","hypothesisId":"H4","location":"public\/cart.php:4","message":"cart page session read","data":{"phpSessionId":"jvb8aeonc1fiilda7telagd1cc","sessionCart":{"58":2,"56":1},"sessionCartCount":2},"timestamp":1776867740861}
{"sessionId":"6a4c11","runId":"initial","hypothesisId":"H5","location":"public\/cart.php:34","message":"cart product query completed","data":{"cartIds":[58,56],"productRows":2},"timestamp":1776867740875}
{"sessionId":"6a4c11","runId":"initial","hypothesisId":"H4","location":"public\/cart.php:4","message":"cart page session read","data":{"phpSessionId":"jvb8aeonc1fiilda7telagd1cc","sessionCart":{"56":1},"sessionCartCount":1},"timestamp":1776867746955}
{"sessionId":"6a4c11","runId":"initial","hypothesisId":"H5","location":"public\/cart.php:34","message":"cart product query completed","data":{"cartIds":[56],"productRows":1},"timestamp":1776867746956}
{"sessionId":"6a4c11","runId":"initial","hypothesisId":"H4","location":"public\/cart.php:4","message":"cart page session read","data":{"phpSessionId":"jvb8aeonc1fiilda7telagd1cc","sessionCart":{"56":9},"sessionCartCount":1},"timestamp":1776867752812}
{"sessionId":"6a4c11","runId":"initial","hypothesisId":"H5","location":"public\/cart.php:34","message":"cart product query completed","data":{"cartIds":[56],"productRows":1},"timestamp":1776867752813}
{"sessionId":"6a4c11","runId":"initial","hypothesisId":"H1","location":"public\/actions\/add-cart.php:4","message":"add-cart endpoint hit","data":{"method":"POST","phpSessionId":"jvb8aeonc1fiilda7telagd1cc"},"timestamp":1776870100646}
{"sessionId":"6a4c11","runId":"initial","hypothesisId":"H2","location":"public\/actions\/add-cart.php:24","message":"add-cart payload parsed","data":{"productId":58,"quantity":1},"timestamp":1776870100648}
{"sessionId":"6a4c11","runId":"initial","hypothesisId":"H1","location":"public\/actions\/add-cart.php:4","message":"add-cart endpoint hit","data":{"method":"POST","phpSessionId":"jvb8aeonc1fiilda7telagd1cc"},"timestamp":1776870101449}
{"sessionId":"6a4c11","runId":"initial","hypothesisId":"H2","location":"public\/actions\/add-cart.php:24","message":"add-cart payload parsed","data":{"productId":58,"quantity":1},"timestamp":1776870101449}
{"sessionId":"6a4c11","runId":"initial","hypothesisId":"H1","location":"public\/actions\/add-cart.php:4","message":"add-cart endpoint hit","data":{"method":"POST","phpSessionId":"jvb8aeonc1fiilda7telagd1cc"},"timestamp":1776870109693}
{"sessionId":"6a4c11","runId":"initial","hypothesisId":"H2","location":"public\/actions\/add-cart.php:24","message":"add-cart payload parsed","data":{"productId":58,"quantity":1},"timestamp":1776870109693}
{"sessionId":"6a4c11","runId":"initial","hypothesisId":"H1","location":"public\/actions\/add-cart.php:4","message":"add-cart endpoint hit","data":{"method":"POST","phpSessionId":"jvb8aeonc1fiilda7telagd1cc"},"timestamp":1776870131421}
{"sessionId":"6a4c11","runId":"initial","hypothesisId":"H2","location":"public\/actions\/add-cart.php:24","message":"add-cart payload parsed","data":{"productId":57,"quantity":1},"timestamp":1776870131422}
{"sessionId":"6a4c11","runId":"initial","hypothesisId":"H1","location":"public\/actions\/add-cart.php:4","message":"add-cart endpoint hit","data":{"method":"POST","phpSessionId":"jvb8aeonc1fiilda7telagd1cc"},"timestamp":1776870133119}
{"sessionId":"6a4c11","runId":"initial","hypothesisId":"H2","location":"public\/actions\/add-cart.php:24","message":"add-cart payload parsed","data":{"productId":56,"quantity":1},"timestamp":1776870133119}
{"sessionId":"6a4c11","runId":"initial","hypothesisId":"H1","location":"public\/actions\/add-cart.php:4","message":"add-cart endpoint hit","data":{"method":"POST","phpSessionId":"jvb8aeonc1fiilda7telagd1cc"},"timestamp":1776870136820}
{"sessionId":"6a4c11","runId":"initial","hypothesisId":"H2","location":"public\/actions\/add-cart.php:24","message":"add-cart payload parsed","data":{"productId":57,"quantity":1},"timestamp":1776870136820}
{"sessionId":"6a4c11","runId":"initial","hypothesisId":"H1","location":"public\/actions\/add-cart.php:4","message":"add-cart endpoint hit","data":{"method":"POST","phpSessionId":"jvb8aeonc1fiilda7telagd1cc"},"timestamp":1776870195119}
{"sessionId":"6a4c11","runId":"initial","hypothesisId":"H2","location":"public\/actions\/add-cart.php:24","message":"add-cart payload parsed","data":{"productId":58,"quantity":1},"timestamp":1776870195120}
{"sessionId":"6a4c11","runId":"initial","hypothesisId":"H1","location":"public\/actions\/add-cart.php:4","message":"add-cart endpoint hit","data":{"method":"POST","phpSessionId":"jvb8aeonc1fiilda7telagd1cc"},"timestamp":1776870202123}
{"sessionId":"6a4c11","runId":"initial","hypothesisId":"H2","location":"public\/actions\/add-cart.php:24","message":"add-cart payload parsed","data":{"productId":58,"quantity":1},"timestamp":1776870202124}
{"sessionId":"6a4c11","runId":"initial","hypothesisId":"H4","location":"public\/cart.php:4","message":"cart page session read","data":{"phpSessionId":"jvb8aeonc1fiilda7telagd1cc","sessionCart":[],"sessionCartCount":0},"timestamp":1776870204819}
{"sessionId":"6a4c11","runId":"initial","hypothesisId":"H1","location":"public\/actions\/add-cart.php:4","message":"add-cart endpoint hit","data":{"method":"POST","phpSessionId":"jvb8aeonc1fiilda7telagd1cc"},"timestamp":1776870210656}
{"sessionId":"6a4c11","runId":"initial","hypothesisId":"H2","location":"public\/actions\/add-cart.php:24","message":"add-cart payload parsed","data":{"productId":56,"quantity":1},"timestamp":1776870210657}
{"sessionId":"6a4c11","runId":"initial","hypothesisId":"H1","location":"public\/actions\/add-cart.php:4","message":"add-cart endpoint hit","data":{"method":"POST","phpSessionId":"jvb8aeonc1fiilda7telagd1cc"},"timestamp":1776870212288}
{"sessionId":"6a4c11","runId":"initial","hypothesisId":"H2","location":"public\/actions\/add-cart.php:24","message":"add-cart payload parsed","data":{"productId":57,"quantity":1},"timestamp":1776870212289}
{"sessionId":"6a4c11","runId":"initial","hypothesisId":"H1","location":"public\/actions\/add-cart.php:4","message":"add-cart endpoint hit","data":{"method":"POST","phpSessionId":"jvb8aeonc1fiilda7telagd1cc"},"timestamp":1776870768750}
{"sessionId":"6a4c11","runId":"initial","hypothesisId":"H2","location":"public\/actions\/add-cart.php:24","message":"add-cart payload parsed","data":{"productId":58,"quantity":1},"timestamp":1776870768751}
{"sessionId":"6a4c11","runId":"initial","hypothesisId":"H3","location":"public\/actions\/add-cart.php:45","message":"cart updated in session","data":{"phpSessionId":"jvb8aeonc1fiilda7telagd1cc","sessionCart":{"58":1},"totalItems":1},"timestamp":1776870768753}
{"sessionId":"6a4c11","runId":"initial","hypothesisId":"H4","location":"public\/cart.php:4","message":"cart page session read","data":{"phpSessionId":"jvb8aeonc1fiilda7telagd1cc","sessionCart":{"58":1},"sessionCartCount":1},"timestamp":1776870771115}
{"sessionId":"6a4c11","runId":"initial","hypothesisId":"H5","location":"public\/cart.php:34","message":"cart product query completed","data":{"cartIds":[58],"productRows":1},"timestamp":1776870771117}
{"sessionId":"6a4c11","runId":"initial","hypothesisId":"H4","location":"public\/cart.php:4","message":"cart page session read","data":{"phpSessionId":"jvb8aeonc1fiilda7telagd1cc","sessionCart":{"58":1},"sessionCartCount":1},"timestamp":1776870780797}
{"sessionId":"6a4c11","runId":"initial","hypothesisId":"H5","location":"public\/cart.php:34","message":"cart product query completed","data":{"cartIds":[58],"productRows":1},"timestamp":1776870780798}
{"sessionId":"6a4c11","runId":"initial","hypothesisId":"H1","location":"public\/actions\/add-cart.php:4","message":"add-cart endpoint hit","data":{"method":"POST","phpSessionId":"jvb8aeonc1fiilda7telagd1cc"},"timestamp":1776870789385}
{"sessionId":"6a4c11","runId":"initial","hypothesisId":"H2","location":"public\/actions\/add-cart.php:24","message":"add-cart payload parsed","data":{"productId":58,"quantity":1},"timestamp":1776870789386}
{"sessionId":"6a4c11","runId":"initial","hypothesisId":"H1","location":"public\/actions\/add-cart.php:4","message":"add-cart endpoint hit","data":{"method":"POST","phpSessionId":"jvb8aeonc1fiilda7telagd1cc"},"timestamp":1776870790362}
{"sessionId":"6a4c11","runId":"initial","hypothesisId":"H2","location":"public\/actions\/add-cart.php:24","message":"add-cart payload parsed","data":{"productId":58,"quantity":1},"timestamp":1776870790363}
{"sessionId":"6a4c11","runId":"initial","hypothesisId":"H1","location":"public\/actions\/add-cart.php:4","message":"add-cart endpoint hit","data":{"method":"POST","phpSessionId":"jvb8aeonc1fiilda7telagd1cc"},"timestamp":1776870793832}
{"sessionId":"6a4c11","runId":"initial","hypothesisId":"H2","location":"public\/actions\/add-cart.php:24","message":"add-cart payload parsed","data":{"productId":57,"quantity":1},"timestamp":1776870793832}
{"sessionId":"6a4c11","runId":"initial","hypothesisId":"H3","location":"public\/actions\/add-cart.php:45","message":"cart updated in session","data":{"phpSessionId":"jvb8aeonc1fiilda7telagd1cc","sessionCart":{"58":1,"57":1},"totalItems":2},"timestamp":1776870793833}
{"sessionId":"6a4c11","runId":"initial","hypothesisId":"H1","location":"public\/actions\/add-cart.php:4","message":"add-cart endpoint hit","data":{"method":"POST","phpSessionId":"jvb8aeonc1fiilda7telagd1cc"},"timestamp":1776870795595}
{"sessionId":"6a4c11","runId":"initial","hypothesisId":"H2","location":"public\/actions\/add-cart.php:24","message":"add-cart payload parsed","data":{"productId":56,"quantity":1},"timestamp":1776870795596}
{"sessionId":"6a4c11","runId":"initial","hypothesisId":"H3","location":"public\/actions\/add-cart.php:45","message":"cart updated in session","data":{"phpSessionId":"jvb8aeonc1fiilda7telagd1cc","sessionCart":{"58":1,"57":1,"56":1},"totalItems":3},"timestamp":1776870795597}
{"sessionId":"6a4c11","runId":"initial","hypothesisId":"H1","location":"public\/actions\/add-cart.php:4","message":"add-cart endpoint hit","data":{"method":"POST","phpSessionId":"jvb8aeonc1fiilda7telagd1cc"},"timestamp":1776870800130}
{"sessionId":"6a4c11","runId":"initial","hypothesisId":"H2","location":"public\/actions\/add-cart.php:24","message":"add-cart payload parsed","data":{"productId":58,"quantity":1},"timestamp":1776870800130}
{"sessionId":"6a4c11","runId":"initial","hypothesisId":"H1","location":"public\/actions\/add-cart.php:4","message":"add-cart endpoint hit","data":{"method":"POST","phpSessionId":"jvb8aeonc1fiilda7telagd1cc"},"timestamp":1776870802281}
{"sessionId":"6a4c11","runId":"initial","hypothesisId":"H2","location":"public\/actions\/add-cart.php:24","message":"add-cart payload parsed","data":{"productId":58,"quantity":1},"timestamp":1776870802281}
{"sessionId":"6a4c11","runId":"initial","hypothesisId":"H1","location":"public\/actions\/add-cart.php:4","message":"add-cart endpoint hit","data":{"method":"POST","phpSessionId":"jvb8aeonc1fiilda7telagd1cc"},"timestamp":1776870804096}
{"sessionId":"6a4c11","runId":"initial","hypothesisId":"H2","location":"public\/actions\/add-cart.php:24","message":"add-cart payload parsed","data":{"productId":57,"quantity":1},"timestamp":1776870804096}
{"sessionId":"6a4c11","runId":"initial","hypothesisId":"H3","location":"public\/actions\/add-cart.php:45","message":"cart updated in session","data":{"phpSessionId":"jvb8aeonc1fiilda7telagd1cc","sessionCart":{"58":1,"57":2,"56":1},"totalItems":4},"timestamp":1776870804111}
{"sessionId":"6a4c11","runId":"initial","hypothesisId":"H1","location":"public\/actions\/add-cart.php:4","message":"add-cart endpoint hit","data":{"method":"POST","phpSessionId":"jvb8aeonc1fiilda7telagd1cc"},"timestamp":1776870805592}
{"sessionId":"6a4c11","runId":"initial","hypothesisId":"H2","location":"public\/actions\/add-cart.php:24","message":"add-cart payload parsed","data":{"productId":56,"quantity":1},"timestamp":1776870805592}
{"sessionId":"6a4c11","runId":"initial","hypothesisId":"H3","location":"public\/actions\/add-cart.php:45","message":"cart updated in session","data":{"phpSessionId":"jvb8aeonc1fiilda7telagd1cc","sessionCart":{"58":1,"57":2,"56":2},"totalItems":5},"timestamp":1776870805594}
{"sessionId":"6a4c11","runId":"initial","hypothesisId":"H1","location":"public\/actions\/add-cart.php:4","message":"add-cart endpoint hit","data":{"method":"POST","phpSessionId":"jvb8aeonc1fiilda7telagd1cc"},"timestamp":1776870812929}
{"sessionId":"6a4c11","runId":"initial","hypothesisId":"H2","location":"public\/actions\/add-cart.php:24","message":"add-cart payload parsed","data":{"productId":58,"quantity":1},"timestamp":1776870812929}
{"sessionId":"6a4c11","runId":"initial","hypothesisId":"H1","location":"public\/actions\/add-cart.php:4","message":"add-cart endpoint hit","data":{"method":"POST","phpSessionId":"jvb8aeonc1fiilda7telagd1cc"},"timestamp":1776870813630}
{"sessionId":"6a4c11","runId":"initial","hypothesisId":"H2","location":"public\/actions\/add-cart.php:24","message":"add-cart payload parsed","data":{"productId":58,"quantity":1},"timestamp":1776870813630}
{"sessionId":"6a4c11","runId":"initial","hypothesisId":"H1","location":"public\/actions\/add-cart.php:4","message":"add-cart endpoint hit","data":{"method":"POST","phpSessionId":"jvb8aeonc1fiilda7telagd1cc"},"timestamp":1776870815188}
{"sessionId":"6a4c11","runId":"initial","hypothesisId":"H2","location":"public\/actions\/add-cart.php:24","message":"add-cart payload parsed","data":{"productId":58,"quantity":1},"timestamp":1776870815189}
{"sessionId":"6a4c11","runId":"initial","hypothesisId":"H1","location":"public\/actions\/add-cart.php:4","message":"add-cart endpoint hit","data":{"method":"POST","phpSessionId":"jvb8aeonc1fiilda7telagd1cc"},"timestamp":1776870815381}
{"sessionId":"6a4c11","runId":"initial","hypothesisId":"H2","location":"public\/actions\/add-cart.php:24","message":"add-cart payload parsed","data":{"productId":58,"quantity":1},"timestamp":1776870815382}
{"sessionId":"6a4c11","runId":"initial","hypothesisId":"H1","location":"public\/actions\/add-cart.php:4","message":"add-cart endpoint hit","data":{"method":"POST","phpSessionId":"jvb8aeonc1fiilda7telagd1cc"},"timestamp":1776870815579}
{"sessionId":"6a4c11","runId":"initial","hypothesisId":"H2","location":"public\/actions\/add-cart.php:24","message":"add-cart payload parsed","data":{"productId":58,"quantity":1},"timestamp":1776870815580}
{"sessionId":"6a4c11","runId":"initial","hypothesisId":"H1","location":"public\/actions\/add-cart.php:4","message":"add-cart endpoint hit","data":{"method":"POST","phpSessionId":"jvb8aeonc1fiilda7telagd1cc"},"timestamp":1776870815765}
{"sessionId":"6a4c11","runId":"initial","hypothesisId":"H2","location":"public\/actions\/add-cart.php:24","message":"add-cart payload parsed","data":{"productId":58,"quantity":1},"timestamp":1776870815766}
{"sessionId":"6a4c11","runId":"initial","hypothesisId":"H1","location":"public\/actions\/add-cart.php:4","message":"add-cart endpoint hit","data":{"method":"POST","phpSessionId":"jvb8aeonc1fiilda7telagd1cc"},"timestamp":1776870815993}
{"sessionId":"6a4c11","runId":"initial","hypothesisId":"H2","location":"public\/actions\/add-cart.php:24","message":"add-cart payload parsed","data":{"productId":58,"quantity":1},"timestamp":1776870815994}
{"sessionId":"6a4c11","runId":"initial","hypothesisId":"H1","location":"public\/actions\/add-cart.php:4","message":"add-cart endpoint hit","data":{"method":"POST","phpSessionId":"jvb8aeonc1fiilda7telagd1cc"},"timestamp":1776870823244}
{"sessionId":"6a4c11","runId":"initial","hypothesisId":"H2","location":"public\/actions\/add-cart.php:24","message":"add-cart payload parsed","data":{"productId":57,"quantity":1},"timestamp":1776870823244}
{"sessionId":"6a4c11","runId":"initial","hypothesisId":"H3","location":"public\/actions\/add-cart.php:45","message":"cart updated in session","data":{"phpSessionId":"jvb8aeonc1fiilda7telagd1cc","sessionCart":{"58":1,"57":3,"56":2},"totalItems":6},"timestamp":1776870823245}
{"sessionId":"6a4c11","runId":"initial","hypothesisId":"H1","location":"public\/actions\/add-cart.php:4","message":"add-cart endpoint hit","data":{"method":"POST","phpSessionId":"jvb8aeonc1fiilda7telagd1cc"},"timestamp":1776870829916}
{"sessionId":"6a4c11","runId":"initial","hypothesisId":"H2","location":"public\/actions\/add-cart.php:24","message":"add-cart payload parsed","data":{"productId":58,"quantity":1},"timestamp":1776870829917}
{"sessionId":"6a4c11","runId":"initial","hypothesisId":"H1","location":"public\/actions\/add-cart.php:4","message":"add-cart endpoint hit","data":{"method":"POST","phpSessionId":"jvb8aeonc1fiilda7telagd1cc"},"timestamp":1776870832994}
{"sessionId":"6a4c11","runId":"initial","hypothesisId":"H2","location":"public\/actions\/add-cart.php:24","message":"add-cart payload parsed","data":{"productId":58,"quantity":1},"timestamp":1776870832995}
{"sessionId":"6a4c11","runId":"initial","hypothesisId":"H1","location":"public\/actions\/add-cart.php:4","message":"add-cart endpoint hit","data":{"method":"POST","phpSessionId":"jvb8aeonc1fiilda7telagd1cc"},"timestamp":1776871392830}
{"sessionId":"6a4c11","runId":"initial","hypothesisId":"H2","location":"public\/actions\/add-cart.php:24","message":"add-cart payload parsed","data":{"productId":58,"quantity":1},"timestamp":1776871392832}
{"sessionId":"6a4c11","runId":"initial","hypothesisId":"H1","location":"public\/actions\/add-cart.php:4","message":"add-cart endpoint hit","data":{"method":"POST","phpSessionId":"jvb8aeonc1fiilda7telagd1cc"},"timestamp":1776871395041}
{"sessionId":"6a4c11","runId":"initial","hypothesisId":"H2","location":"public\/actions\/add-cart.php:24","message":"add-cart payload parsed","data":{"productId":56,"quantity":1},"timestamp":1776871395041}
{"sessionId":"6a4c11","runId":"initial","hypothesisId":"H3","location":"public\/actions\/add-cart.php:45","message":"cart updated in session","data":{"phpSessionId":"jvb8aeonc1fiilda7telagd1cc","sessionCart":{"58":1,"57":3,"56":3},"totalItems":7},"timestamp":1776871395042}
{"sessionId":"6a4c11","runId":"initial","hypothesisId":"H1","location":"public\/actions\/add-cart.php:4","message":"add-cart endpoint hit","data":{"method":"POST","phpSessionId":"jvb8aeonc1fiilda7telagd1cc"},"timestamp":1776871395246}
{"sessionId":"6a4c11","runId":"initial","hypothesisId":"H2","location":"public\/actions\/add-cart.php:24","message":"add-cart payload parsed","data":{"productId":56,"quantity":1},"timestamp":1776871395247}
{"sessionId":"6a4c11","runId":"initial","hypothesisId":"H3","location":"public\/actions\/add-cart.php:45","message":"cart updated in session","data":{"phpSessionId":"jvb8aeonc1fiilda7telagd1cc","sessionCart":{"58":1,"57":3,"56":4},"totalItems":8},"timestamp":1776871395249}
{"sessionId":"6a4c11","runId":"initial","hypothesisId":"H1","location":"public\/actions\/add-cart.php:4","message":"add-cart endpoint hit","data":{"method":"POST","phpSessionId":"jvb8aeonc1fiilda7telagd1cc"},"timestamp":1776871395445}
{"sessionId":"6a4c11","runId":"initial","hypothesisId":"H2","location":"public\/actions\/add-cart.php:24","message":"add-cart payload parsed","data":{"productId":56,"quantity":1},"timestamp":1776871395446}
{"sessionId":"6a4c11","runId":"initial","hypothesisId":"H3","location":"public\/actions\/add-cart.php:45","message":"cart updated in session","data":{"phpSessionId":"jvb8aeonc1fiilda7telagd1cc","sessionCart":{"58":1,"57":3,"56":5},"totalItems":9},"timestamp":1776871395447}
{"sessionId":"6a4c11","runId":"initial","hypothesisId":"H1","location":"public\/actions\/add-cart.php:4","message":"add-cart endpoint hit","data":{"method":"POST","phpSessionId":"jvb8aeonc1fiilda7telagd1cc"},"timestamp":1776871397784}
{"sessionId":"6a4c11","runId":"initial","hypothesisId":"H2","location":"public\/actions\/add-cart.php:24","message":"add-cart payload parsed","data":{"productId":58,"quantity":1},"timestamp":1776871397784}
{"sessionId":"6a4c11","runId":"initial","hypothesisId":"H1","location":"public\/actions\/add-cart.php:4","message":"add-cart endpoint hit","data":{"method":"POST","phpSessionId":"jvb8aeonc1fiilda7telagd1cc"},"timestamp":1776871397967}
{"sessionId":"6a4c11","runId":"initial","hypothesisId":"H2","location":"public\/actions\/add-cart.php:24","message":"add-cart payload parsed","data":{"productId":58,"quantity":1},"timestamp":1776871397968}
{"sessionId":"6a4c11","runId":"initial","hypothesisId":"H4","location":"public\/cart.php:4","message":"cart page session read","data":{"phpSessionId":"jvb8aeonc1fiilda7telagd1cc","sessionCart":{"58":1,"57":3,"56":5},"sessionCartCount":3},"timestamp":1776871572013}
{"sessionId":"6a4c11","runId":"initial","hypothesisId":"H5","location":"public\/cart.php:34","message":"cart product query completed","data":{"cartIds":[58,57,56],"productRows":3},"timestamp":1776871572022}
{"sessionId":"6a4c11","runId":"initial","hypothesisId":"H1","location":"public\/actions\/add-cart.php:4","message":"add-cart endpoint hit","data":{"method":"POST","phpSessionId":"jvb8aeonc1fiilda7telagd1cc"},"timestamp":1776873115542}
{"sessionId":"6a4c11","runId":"initial","hypothesisId":"H2","location":"public\/actions\/add-cart.php:24","message":"add-cart payload parsed","data":{"productId":58,"quantity":1},"timestamp":1776873115544}
{"sessionId":"6a4c11","runId":"initial","hypothesisId":"H3","location":"public\/actions\/add-cart.php:45","message":"cart updated in session","data":{"phpSessionId":"jvb8aeonc1fiilda7telagd1cc","sessionCart":{"58":1},"totalItems":1},"timestamp":1776873115545}
{"sessionId":"6a4c11","runId":"initial","hypothesisId":"H4","location":"public\/cart.php:4","message":"cart page session read","data":{"phpSessionId":"jvb8aeonc1fiilda7telagd1cc","sessionCart":{"58":1},"sessionCartCount":1},"timestamp":1776873118592}
{"sessionId":"6a4c11","runId":"initial","hypothesisId":"H5","location":"public\/cart.php:34","message":"cart product query completed","data":{"cartIds":[58],"productRows":1},"timestamp":1776873118593}
{"sessionId":"6a4c11","runId":"initial","hypothesisId":"H4","location":"public\/cart.php:4","message":"cart page session read","data":{"phpSessionId":"jvb8aeonc1fiilda7telagd1cc","sessionCart":{"58":1},"sessionCartCount":1},"timestamp":1776873122669}
{"sessionId":"6a4c11","runId":"initial","hypothesisId":"H5","location":"public\/cart.php:34","message":"cart product query completed","data":{"cartIds":[58],"productRows":1},"timestamp":1776873122669}
{"sessionId":"6a4c11","runId":"initial","hypothesisId":"H1","location":"public\/actions\/add-cart.php:4","message":"add-cart endpoint hit","data":{"method":"POST","phpSessionId":"jvb8aeonc1fiilda7telagd1cc"},"timestamp":1776873174633}
{"sessionId":"6a4c11","runId":"initial","hypothesisId":"H2","location":"public\/actions\/add-cart.php:24","message":"add-cart payload parsed","data":{"productId":58,"quantity":1},"timestamp":1776873174633}
{"sessionId":"6a4c11","runId":"initial","hypothesisId":"H3","location":"public\/actions\/add-cart.php:45","message":"cart updated in session","data":{"phpSessionId":"jvb8aeonc1fiilda7telagd1cc","sessionCart":{"58":1},"totalItems":1},"timestamp":1776873174634}
{"sessionId":"6a4c11","runId":"initial","hypothesisId":"H4","location":"public\/cart.php:4","message":"cart page session read","data":{"phpSessionId":"jvb8aeonc1fiilda7telagd1cc","sessionCart":{"58":1},"sessionCartCount":1},"timestamp":1776873184204}
{"sessionId":"6a4c11","runId":"initial","hypothesisId":"H5","location":"public\/cart.php:34","message":"cart product query completed","data":{"cartIds":[58],"productRows":1},"timestamp":1776873184206}
{"sessionId":"6a4c11","runId":"initial","hypothesisId":"H4","location":"public\/cart.php:4","message":"cart page session read","data":{"phpSessionId":"jvb8aeonc1fiilda7telagd1cc","sessionCart":{"58":1},"sessionCartCount":1},"timestamp":1776873189196}
{"sessionId":"6a4c11","runId":"initial","hypothesisId":"H5","location":"public\/cart.php:34","message":"cart product query completed","data":{"cartIds":[58],"productRows":1},"timestamp":1776873189198}
{"sessionId":"6a4c11","runId":"initial","hypothesisId":"H1","location":"public\/actions\/add-cart.php:4","message":"add-cart endpoint hit","data":{"method":"POST","phpSessionId":"jvb8aeonc1fiilda7telagd1cc"},"timestamp":1776874284398}
{"sessionId":"6a4c11","runId":"initial","hypothesisId":"H2","location":"public\/actions\/add-cart.php:24","message":"add-cart payload parsed","data":{"productId":58,"quantity":3},"timestamp":1776874284399}
{"sessionId":"6a4c11","runId":"initial","hypothesisId":"H3","location":"public\/actions\/add-cart.php:45","message":"cart updated in session","data":{"phpSessionId":"jvb8aeonc1fiilda7telagd1cc","sessionCart":{"58":3},"totalItems":3},"timestamp":1776874284399}
{"sessionId":"6a4c11","runId":"initial","hypothesisId":"H4","location":"public\/cart.php:4","message":"cart page session read","data":{"phpSessionId":"jvb8aeonc1fiilda7telagd1cc","sessionCart":{"58":3},"sessionCartCount":1},"timestamp":1776874284424}
{"sessionId":"6a4c11","runId":"initial","hypothesisId":"H5","location":"public\/cart.php:34","message":"cart product query completed","data":{"cartIds":[58],"productRows":1},"timestamp":1776874284427}
{"sessionId":"6a4c11","runId":"initial","hypothesisId":"H1","location":"public\/actions\/add-cart.php:4","message":"add-cart endpoint hit","data":{"method":"POST","phpSessionId":"jvb8aeonc1fiilda7telagd1cc"},"timestamp":1776874317155}
{"sessionId":"6a4c11","runId":"initial","hypothesisId":"H2","location":"public\/actions\/add-cart.php:24","message":"add-cart payload parsed","data":{"productId":58,"quantity":1},"timestamp":1776874317156}
{"sessionId":"6a4c11","runId":"initial","hypothesisId":"H3","location":"public\/actions\/add-cart.php:45","message":"cart updated in session","data":{"phpSessionId":"jvb8aeonc1fiilda7telagd1cc","sessionCart":{"58":1},"totalItems":1},"timestamp":1776874317159}
{"sessionId":"6a4c11","runId":"initial","hypothesisId":"H1","location":"public\/actions\/add-cart.php:4","message":"add-cart endpoint hit","data":{"method":"POST","phpSessionId":"jvb8aeonc1fiilda7telagd1cc"},"timestamp":1776874318033}
{"sessionId":"6a4c11","runId":"initial","hypothesisId":"H2","location":"public\/actions\/add-cart.php:24","message":"add-cart payload parsed","data":{"productId":58,"quantity":1},"timestamp":1776874318033}
{"sessionId":"6a4c11","runId":"initial","hypothesisId":"H3","location":"public\/actions\/add-cart.php:45","message":"cart updated in session","data":{"phpSessionId":"jvb8aeonc1fiilda7telagd1cc","sessionCart":{"58":2},"totalItems":2},"timestamp":1776874318049}
{"sessionId":"6a4c11","runId":"initial","hypothesisId":"H1","location":"public\/actions\/add-cart.php:4","message":"add-cart endpoint hit","data":{"method":"POST","phpSessionId":"jvb8aeonc1fiilda7telagd1cc"},"timestamp":1776874318222}
{"sessionId":"6a4c11","runId":"initial","hypothesisId":"H2","location":"public\/actions\/add-cart.php:24","message":"add-cart payload parsed","data":{"productId":58,"quantity":1},"timestamp":1776874318222}
{"sessionId":"6a4c11","runId":"initial","hypothesisId":"H3","location":"public\/actions\/add-cart.php:45","message":"cart updated in session","data":{"phpSessionId":"jvb8aeonc1fiilda7telagd1cc","sessionCart":{"58":3},"totalItems":3},"timestamp":1776874318223}
{"sessionId":"6a4c11","runId":"initial","hypothesisId":"H1","location":"public\/actions\/add-cart.php:4","message":"add-cart endpoint hit","data":{"method":"POST","phpSessionId":"jvb8aeonc1fiilda7telagd1cc"},"timestamp":1776874318389}
{"sessionId":"6a4c11","runId":"initial","hypothesisId":"H2","location":"public\/actions\/add-cart.php:24","message":"add-cart payload parsed","data":{"productId":58,"quantity":1},"timestamp":1776874318389}
{"sessionId":"6a4c11","runId":"initial","hypothesisId":"H1","location":"public\/actions\/add-cart.php:4","message":"add-cart endpoint hit","data":{"method":"POST","phpSessionId":"jvb8aeonc1fiilda7telagd1cc"},"timestamp":1776874318591}
{"sessionId":"6a4c11","runId":"initial","hypothesisId":"H2","location":"public\/actions\/add-cart.php:24","message":"add-cart payload parsed","data":{"productId":58,"quantity":1},"timestamp":1776874318592}
{"sessionId":"6a4c11","runId":"initial","hypothesisId":"H1","location":"public\/actions\/add-cart.php:4","message":"add-cart endpoint hit","data":{"method":"POST","phpSessionId":"jvb8aeonc1fiilda7telagd1cc"},"timestamp":1776874318773}
{"sessionId":"6a4c11","runId":"initial","hypothesisId":"H2","location":"public\/actions\/add-cart.php:24","message":"add-cart payload parsed","data":{"productId":58,"quantity":1},"timestamp":1776874318773}
{"sessionId":"6a4c11","runId":"initial","hypothesisId":"H1","location":"public\/actions\/add-cart.php:4","message":"add-cart endpoint hit","data":{"method":"POST","phpSessionId":"jvb8aeonc1fiilda7telagd1cc"},"timestamp":1776874318939}
{"sessionId":"6a4c11","runId":"initial","hypothesisId":"H2","location":"public\/actions\/add-cart.php:24","message":"add-cart payload parsed","data":{"productId":58,"quantity":1},"timestamp":1776874318939}
{"sessionId":"6a4c11","runId":"initial","hypothesisId":"H1","location":"public\/actions\/add-cart.php:4","message":"add-cart endpoint hit","data":{"method":"POST","phpSessionId":"jvb8aeonc1fiilda7telagd1cc"},"timestamp":1776874319105}
{"sessionId":"6a4c11","runId":"initial","hypothesisId":"H2","location":"public\/actions\/add-cart.php:24","message":"add-cart payload parsed","data":{"productId":58,"quantity":1},"timestamp":1776874319106}
{"sessionId":"6a4c11","runId":"initial","hypothesisId":"H1","location":"public\/actions\/add-cart.php:4","message":"add-cart endpoint hit","data":{"method":"POST","phpSessionId":"jvb8aeonc1fiilda7telagd1cc"},"timestamp":1776874319323}
{"sessionId":"6a4c11","runId":"initial","hypothesisId":"H2","location":"public\/actions\/add-cart.php:24","message":"add-cart payload parsed","data":{"productId":58,"quantity":1},"timestamp":1776874319325}
{"sessionId":"6a4c11","runId":"initial","hypothesisId":"H4","location":"public\/cart.php:4","message":"cart page session read","data":{"phpSessionId":"jvb8aeonc1fiilda7telagd1cc","sessionCart":{"58":3},"sessionCartCount":1},"timestamp":1776874323224}
{"sessionId":"6a4c11","runId":"initial","hypothesisId":"H5","location":"public\/cart.php:34","message":"cart product query completed","data":{"cartIds":[58],"productRows":1},"timestamp":1776874323226}
{"sessionId":"6a4c11","runId":"initial","hypothesisId":"H4","location":"public\/cart.php:4","message":"cart page session read","data":{"phpSessionId":"jsknm5em21hpv6o75v5ijaahnn","sessionCart":[],"sessionCartCount":0},"timestamp":1776914697897}
{"sessionId":"6a4c11","runId":"initial","hypothesisId":"H4","location":"public\/cart.php:4","message":"cart page session read","data":{"phpSessionId":"jsknm5em21hpv6o75v5ijaahnn","sessionCart":[],"sessionCartCount":0},"timestamp":1776914701433}
{"sessionId":"6a4c11","runId":"initial","hypothesisId":"H4","location":"public\/cart.php:4","message":"cart page session read","data":{"phpSessionId":"jsknm5em21hpv6o75v5ijaahnn","sessionCart":[],"sessionCartCount":0},"timestamp":1776914703974}
{"sessionId":"6a4c11","runId":"initial","hypothesisId":"H4","location":"public\/cart.php:4","message":"cart page session read","data":{"phpSessionId":"jsknm5em21hpv6o75v5ijaahnn","sessionCart":[],"sessionCartCount":0},"timestamp":1776915231014}
{"sessionId":"6a4c11","runId":"initial","hypothesisId":"H1","location":"public\/actions\/add-cart.php:4","message":"add-cart endpoint hit","data":{"method":"POST","phpSessionId":"gc938ve55nonf2on1iruj8f4dh"},"timestamp":1776954862730}
{"sessionId":"6a4c11","runId":"initial","hypothesisId":"H2","location":"public\/actions\/add-cart.php:24","message":"add-cart payload parsed","data":{"productId":58,"quantity":1},"timestamp":1776954862733}
{"sessionId":"6a4c11","runId":"initial","hypothesisId":"H1","location":"public\/actions\/add-cart.php:4","message":"add-cart endpoint hit","data":{"method":"POST","phpSessionId":"gc938ve55nonf2on1iruj8f4dh"},"timestamp":1776954867442}
{"sessionId":"6a4c11","runId":"initial","hypothesisId":"H2","location":"public\/actions\/add-cart.php:24","message":"add-cart payload parsed","data":{"productId":58,"quantity":1},"timestamp":1776954867442}
{"sessionId":"6a4c11","runId":"initial","hypothesisId":"H1","location":"public\/actions\/add-cart.php:4","message":"add-cart endpoint hit","data":{"method":"POST","phpSessionId":"gc938ve55nonf2on1iruj8f4dh"},"timestamp":1776955048271}
{"sessionId":"6a4c11","runId":"initial","hypothesisId":"H2","location":"public\/actions\/add-cart.php:24","message":"add-cart payload parsed","data":{"productId":57,"quantity":1},"timestamp":1776955048272}
{"sessionId":"6a4c11","runId":"initial","hypothesisId":"H3","location":"public\/actions\/add-cart.php:45","message":"cart updated in session","data":{"phpSessionId":"gc938ve55nonf2on1iruj8f4dh","sessionCart":{"57":1},"totalItems":1},"timestamp":1776955048274}
{"sessionId":"6a4c11","runId":"initial","hypothesisId":"H1","location":"public\/actions\/add-cart.php:4","message":"add-cart endpoint hit","data":{"method":"POST","phpSessionId":"gc938ve55nonf2on1iruj8f4dh"},"timestamp":1776955050659}
{"sessionId":"6a4c11","runId":"initial","hypothesisId":"H2","location":"public\/actions\/add-cart.php:24","message":"add-cart payload parsed","data":{"productId":57,"quantity":5},"timestamp":1776955050659}
{"sessionId":"6a4c11","runId":"initial","hypothesisId":"H3","location":"public\/actions\/add-cart.php:45","message":"cart updated in session","data":{"phpSessionId":"gc938ve55nonf2on1iruj8f4dh","sessionCart":{"57":6},"totalItems":6},"timestamp":1776955050661}
{"sessionId":"6a4c11","runId":"initial","hypothesisId":"H4","location":"public\/cart.php:4","message":"cart page session read","data":{"phpSessionId":"gc938ve55nonf2on1iruj8f4dh","sessionCart":{"57":6},"sessionCartCount":1},"timestamp":1776959589496}
{"sessionId":"6a4c11","runId":"initial","hypothesisId":"H5","location":"public\/cart.php:34","message":"cart product query completed","data":{"cartIds":[57],"productRows":1},"timestamp":1776959589499}
{"sessionId":"6a4c11","runId":"initial","hypothesisId":"H4","location":"public\/cart.php:4","message":"cart page session read","data":{"phpSessionId":"o904724r1st6ttuovqpnaii1kl","sessionCart":[],"sessionCartCount":0},"timestamp":1777105972658}
{"sessionId":"6a4c11","runId":"initial","hypothesisId":"H4","location":"public\/cart.php:4","message":"cart page session read","data":{"phpSessionId":"o904724r1st6ttuovqpnaii1kl","sessionCart":[],"sessionCartCount":0},"timestamp":1777105979968}
{"sessionId":"6a4c11","runId":"initial","hypothesisId":"H4","location":"public\/cart.php:4","message":"cart page session read","data":{"phpSessionId":"o904724r1st6ttuovqpnaii1kl","sessionCart":[],"sessionCartCount":0},"timestamp":1777107462352}
{"sessionId":"6a4c11","runId":"initial","hypothesisId":"H4","location":"public\/cart.php:4","message":"cart page session read","data":{"phpSessionId":"o904724r1st6ttuovqpnaii1kl","sessionCart":[],"sessionCartCount":0},"timestamp":1777107615601}
{"sessionId":"6a4c11","runId":"initial","hypothesisId":"H4","location":"public\/cart.php:4","message":"cart page session read","data":{"phpSessionId":"o904724r1st6ttuovqpnaii1kl","sessionCart":[],"sessionCartCount":0},"timestamp":1777107618317}
{"sessionId":"6a4c11","runId":"initial","hypothesisId":"H1","location":"public\/actions\/add-cart.php:4","message":"add-cart endpoint hit","data":{"method":"POST","phpSessionId":"o904724r1st6ttuovqpnaii1kl"},"timestamp":1777109157014}
{"sessionId":"6a4c11","runId":"initial","hypothesisId":"H2","location":"public\/actions\/add-cart.php:24","message":"add-cart payload parsed","data":{"productId":57,"quantity":1},"timestamp":1777109157018}
{"sessionId":"6a4c11","runId":"initial","hypothesisId":"H3","location":"public\/actions\/add-cart.php:45","message":"cart updated in session","data":{"phpSessionId":"o904724r1st6ttuovqpnaii1kl","sessionCart":{"57":1},"totalItems":1},"timestamp":1777109157020}
{"sessionId":"6a4c11","runId":"initial","hypothesisId":"H1","location":"public\/actions\/add-cart.php:4","message":"add-cart endpoint hit","data":{"method":"POST","phpSessionId":"o904724r1st6ttuovqpnaii1kl"},"timestamp":1777109158494}
{"sessionId":"6a4c11","runId":"initial","hypothesisId":"H2","location":"public\/actions\/add-cart.php:24","message":"add-cart payload parsed","data":{"productId":56,"quantity":1},"timestamp":1777109158495}
{"sessionId":"6a4c11","runId":"initial","hypothesisId":"H3","location":"public\/actions\/add-cart.php:45","message":"cart updated in session","data":{"phpSessionId":"o904724r1st6ttuovqpnaii1kl","sessionCart":{"57":1,"56":1},"totalItems":2},"timestamp":1777109158495}
{"sessionId":"6a4c11","runId":"initial","hypothesisId":"H4","location":"public\/cart.php:4","message":"cart page session read","data":{"phpSessionId":"o904724r1st6ttuovqpnaii1kl","sessionCart":{"57":1,"56":1},"sessionCartCount":2},"timestamp":1777109231289}
{"sessionId":"6a4c11","runId":"initial","hypothesisId":"H5","location":"public\/cart.php:34","message":"cart product query completed","data":{"cartIds":[57,56],"productRows":2},"timestamp":1777109231298}
{"sessionId":"6a4c11","runId":"initial","hypothesisId":"H4","location":"public\/cart.php:4","message":"cart page session read","data":{"phpSessionId":"o904724r1st6ttuovqpnaii1kl","sessionCart":[],"sessionCartCount":0},"timestamp":1777109238632}
